-- --------------------------------------------------------
-- Host:                         localhost
-- Versión del servidor:         5.7.24 - MySQL Community Server (GPL)
-- SO del servidor:              Win64
-- HeidiSQL Versión:             10.2.0.5599
-- --------------------------------------------------------

/*!40101 SET @OLD_CHARACTER_SET_CLIENT=@@CHARACTER_SET_CLIENT */;
/*!40101 SET NAMES utf8 */;
/*!50503 SET NAMES utf8mb4 */;
/*!40014 SET @OLD_FOREIGN_KEY_CHECKS=@@FOREIGN_KEY_CHECKS, FOREIGN_KEY_CHECKS=0 */;
/*!40101 SET @OLD_SQL_MODE=@@SQL_MODE, SQL_MODE='NO_AUTO_VALUE_ON_ZERO' */;


-- Volcando estructura de base de datos para u474532209_solidariapp
CREATE DATABASE IF NOT EXISTS `u474532209_solidariapp` /*!40100 DEFAULT CHARACTER SET utf8mb4 COLLATE utf8mb4_unicode_ci */;
USE `u474532209_solidariapp`;

-- Volcando estructura para tabla u474532209_solidariapp.calificacion
CREATE TABLE IF NOT EXISTS `calificacion` (
  `idCalificacion` int(10) unsigned NOT NULL AUTO_INCREMENT,
  `fechaCalificacion` datetime NOT NULL DEFAULT CURRENT_TIMESTAMP,
  `comentario` varchar(1000) COLLATE utf8mb4_unicode_ci NOT NULL,
  `ayudaConcretada` tinyint(1) NOT NULL,
  `tratoRecibido` int(11) NOT NULL,
  `idColaboracion` int(10) unsigned NOT NULL,
  `idRolCalificado` int(10) unsigned NOT NULL,
  PRIMARY KEY (`idCalificacion`),
  KEY `idColaboracion` (`idColaboracion`),
  KEY `idRolCalificado` (`idRolCalificado`),
  KEY `tratoRecibido` (`tratoRecibido`),
  CONSTRAINT `fk_califiacion_usuario` FOREIGN KEY (`idRolCalificado`) REFERENCES `rol` (`idRol`),
  CONSTRAINT `fk_calificacion_colaboracion` FOREIGN KEY (`idColaboracion`) REFERENCES `colaboraciones` (`idColaboracion`),
  CONSTRAINT `fk_calificacion_tratoRecibido` FOREIGN KEY (`tratoRecibido`) REFERENCES `tratocalificacion` (`idTrato`)
) ENGINE=InnoDB AUTO_INCREMENT=55 DEFAULT CHARSET=utf8mb4 COLLATE=utf8mb4_unicode_ci;

-- Volcando datos para la tabla u474532209_solidariapp.calificacion: ~27 rows (aproximadamente)
DELETE FROM `calificacion`;
/*!40000 ALTER TABLE `calificacion` DISABLE KEYS */;
INSERT INTO `calificacion` (`idCalificacion`, `fechaCalificacion`, `comentario`, `ayudaConcretada`, `tratoRecibido`, `idColaboracion`, `idRolCalificado`) VALUES
	(19, '2020-11-11 02:44:49', 'No se concreto', 0, 3, 20, 1),
	(22, '2020-11-11 03:01:05', 'Muy bien', 0, 3, 15, 1),
	(23, '2020-11-11 03:03:15', 'Mal trato', 0, 3, 16, 1),
	(24, '2020-11-12 01:54:11', 'Espectacular', 1, 3, 19, 1),
	(30, '2020-11-17 21:51:12', 'Gran ayuda', 1, 3, 6, 1),
	(31, '2020-11-20 19:32:06', 'muy buen colaborador', 1, 3, 37, 1),
	(32, '2020-11-20 19:40:09', 'muy bien', 1, 3, 36, 1),
	(33, '2020-11-20 19:41:46', 'Excelente servicio!!', 1, 3, 31, 1),
	(34, '2020-11-20 19:46:29', 'No recibi la plata', 0, 2, 35, 1),
	(35, '2020-11-20 19:53:33', 'Todo perfecto!!', 1, 3, 33, 1),
	(36, '2020-11-20 20:01:46', 'excelente!!!', 1, 3, 38, 1),
	(37, '2020-11-20 22:36:40', 'Muy buen colaborador', 1, 3, 17, 1),
	(38, '2020-11-20 22:37:50', 'Justo lo que necesitaba', 1, 3, 21, 1),
	(39, '2020-11-21 14:32:25', 'Cumplio con todo lo pactado, un crack!!', 1, 3, 39, 1),
	(40, '2020-11-21 16:02:04', 'Cumplio con su palabra', 1, 3, 40, 1),
	(41, '2020-11-22 15:02:27', 'todo bien!', 1, 3, 41, 1),
	(42, '2020-11-22 15:07:01', 'Cumplio con su palabra', 1, 3, 8, 1),
	(43, '2020-11-22 15:14:10', 'Lo que me dono estaba en muy malas condiciones', 1, 3, 12, 1),
	(44, '2020-11-22 15:19:14', 'Bien!', 1, 3, 9, 1),
	(45, '2020-11-22 15:23:41', 'Me dono mas de lo esperado, excelente!', 1, 3, 10, 1),
	(46, '2020-11-22 23:38:45', 'Todo de diez', 1, 3, 44, 1),
	(47, '2020-11-23 18:50:10', 'Me dono mas de lo esperado, excelente!', 1, 3, 46, 1),
	(48, '2020-11-23 18:50:29', 'Todo perfecto!', 1, 3, 45, 1),
	(49, '2020-11-23 18:51:00', 'Excelente trato', 1, 3, 47, 1),
	(50, '2020-11-23 18:51:25', 'cumplio a tiempo con su donacion', 1, 3, 48, 1),
	(53, '2020-11-23 19:01:33', 'Todo de diez', 1, 3, 49, 1),
	(54, '2020-11-24 00:22:29', 'Excelente!!', 1, 3, 7, 1);
/*!40000 ALTER TABLE `calificacion` ENABLE KEYS */;

-- Volcando estructura para tabla u474532209_solidariapp.calificacionorganizacion
CREATE TABLE IF NOT EXISTS `calificacionorganizacion` (
  `idCalificacion` int(11) NOT NULL AUTO_INCREMENT,
  `idCalificado` int(11) unsigned NOT NULL,
  `idCalificante` int(11) unsigned NOT NULL,
  `tratoRecibido` int(11) NOT NULL,
  `comentario` varchar(500) COLLATE utf8mb4_unicode_ci NOT NULL,
  `fechaCalificacion` datetime DEFAULT CURRENT_TIMESTAMP,
  PRIMARY KEY (`idCalificacion`),
  KEY `idCalificado` (`idCalificado`),
  KEY `idCalificante` (`idCalificante`),
  KEY `tratoRecibido` (`tratoRecibido`),
  CONSTRAINT `fk_calificacionOrganizacion_colaborador` FOREIGN KEY (`idCalificante`) REFERENCES `colaborador` (`idUsuario`),
  CONSTRAINT `fk_calificacionOrganizacion_organizacion` FOREIGN KEY (`idCalificado`) REFERENCES `organizacion` (`idUsuario`),
  CONSTRAINT `fk_calificacionOrganizacion_tratoRecibido` FOREIGN KEY (`tratoRecibido`) REFERENCES `tratocalificacion` (`idTrato`)
) ENGINE=InnoDB AUTO_INCREMENT=10 DEFAULT CHARSET=utf8mb4 COLLATE=utf8mb4_unicode_ci;

-- Volcando datos para la tabla u474532209_solidariapp.calificacionorganizacion: ~9 rows (aproximadamente)
DELETE FROM `calificacionorganizacion`;
/*!40000 ALTER TABLE `calificacionorganizacion` DISABLE KEYS */;
INSERT INTO `calificacionorganizacion` (`idCalificacion`, `idCalificado`, `idCalificante`, `tratoRecibido`, `comentario`, `fechaCalificacion`) VALUES
	(1, 63, 64, 2, 'Medio raro', '2020-11-21 01:03:19'),
	(2, 63, 86, 1, 'Muy mal!!!', '2020-11-21 21:28:39'),
	(3, 63, 105, 3, 'un capo', '2020-11-22 20:27:24'),
	(4, 78, 86, 3, 'Muy buena organizacion, recomendable', '2020-11-23 04:07:26'),
	(5, 102, 86, 3, 'Excelente', '2020-11-23 04:12:04'),
	(6, 87, 86, 3, 'Me encanta lo que hacen', '2020-11-23 04:19:49'),
	(7, 92, 86, 3, 'Ayudan a mucha gente', '2020-11-23 04:22:00'),
	(8, 110, 86, 3, 'Muy buena organizacion', '2020-11-23 04:24:20'),
	(9, 63, 113, 3, 'Muy bien', '2020-11-23 15:55:44');
/*!40000 ALTER TABLE `calificacionorganizacion` ENABLE KEYS */;

-- Volcando estructura para tabla u474532209_solidariapp.categorianecesidad
CREATE TABLE IF NOT EXISTS `categorianecesidad` (
  `idCategoria` int(10) unsigned NOT NULL AUTO_INCREMENT,
  `nombreCategoria` varchar(50) COLLATE utf8mb4_unicode_ci NOT NULL,
  `idPrioridad` int(10) unsigned NOT NULL,
  `activo` tinyint(1) NOT NULL DEFAULT '1',
  PRIMARY KEY (`idCategoria`),
  KEY `nombreCategoria` (`nombreCategoria`),
  KEY `idPrioridad` (`idPrioridad`),
  CONSTRAINT `fk_categoria_prioridad` FOREIGN KEY (`idPrioridad`) REFERENCES `prioridadcategoria` (`idPrioridad`)
) ENGINE=InnoDB AUTO_INCREMENT=7 DEFAULT CHARSET=utf8mb4 COLLATE=utf8mb4_unicode_ci;

-- Volcando datos para la tabla u474532209_solidariapp.categorianecesidad: ~6 rows (aproximadamente)
DELETE FROM `categorianecesidad`;
/*!40000 ALTER TABLE `categorianecesidad` DISABLE KEYS */;
INSERT INTO `categorianecesidad` (`idCategoria`, `nombreCategoria`, `idPrioridad`, `activo`) VALUES
	(1, 'Alimentos', 1, 1),
	(2, 'Ropa', 1, 1),
	(3, 'Limpieza e higiene', 1, 1),
	(4, 'Dinero', 1, 1),
	(5, 'Servicios', 2, 1),
	(6, 'Varios', 1, 1);
/*!40000 ALTER TABLE `categorianecesidad` ENABLE KEYS */;

-- Volcando estructura para tabla u474532209_solidariapp.colaboraciones
CREATE TABLE IF NOT EXISTS `colaboraciones` (
  `idColaboracion` int(10) unsigned NOT NULL AUTO_INCREMENT,
  `idNecesidad` int(10) unsigned NOT NULL,
  `idColaborador` int(10) unsigned NOT NULL,
  `fechaColaboracion` datetime NOT NULL DEFAULT CURRENT_TIMESTAMP,
  `estadoColaboracion` int(10) unsigned NOT NULL DEFAULT '0',
  PRIMARY KEY (`idColaboracion`),
  KEY `fk_colaboraciones_usuario` (`idColaborador`),
  KEY `fk_colaboraciones_necesidad` (`idNecesidad`),
  KEY `estadoColaboracion` (`estadoColaboracion`),
  CONSTRAINT `fk_colaboraciones_estadoColaboracion` FOREIGN KEY (`estadoColaboracion`) REFERENCES `estadocolaboracion` (`idEstadoColaboracion`),
  CONSTRAINT `fk_colaboraciones_necesidad` FOREIGN KEY (`idNecesidad`) REFERENCES `necesidad` (`idNecesidad`),
  CONSTRAINT `fk_colaboraciones_usuario` FOREIGN KEY (`idColaborador`) REFERENCES `colaborador` (`idUsuario`)
) ENGINE=InnoDB AUTO_INCREMENT=50 DEFAULT CHARSET=utf8mb4 COLLATE=utf8mb4_unicode_ci;

-- Volcando datos para la tabla u474532209_solidariapp.colaboraciones: ~43 rows (aproximadamente)
DELETE FROM `colaboraciones`;
/*!40000 ALTER TABLE `colaboraciones` DISABLE KEYS */;
INSERT INTO `colaboraciones` (`idColaboracion`, `idNecesidad`, `idColaborador`, `fechaColaboracion`, `estadoColaboracion`) VALUES
	(1, 4, 86, '2020-11-05 18:05:49', 1),
	(3, 5, 86, '2020-11-05 18:20:55', 1),
	(4, 2, 86, '2020-11-06 01:48:23', 1),
	(5, 1, 86, '2020-11-06 02:03:04', 1),
	(6, 9, 86, '2020-11-06 03:21:27', 1),
	(7, 11, 86, '2020-11-06 03:22:00', 1),
	(8, 4, 64, '2020-11-06 15:20:07', 1),
	(9, 4, 98, '2020-11-06 16:48:16', 1),
	(10, 4, 101, '2020-11-06 21:02:19', 1),
	(11, 2, 103, '2020-11-06 21:48:25', 0),
	(12, 6, 103, '2020-11-06 21:49:21', 1),
	(13, 2, 101, '2020-11-06 21:54:30', 0),
	(14, 6, 101, '2020-11-10 22:10:31', 0),
	(15, 66, 101, '2020-11-11 01:34:36', 2),
	(16, 67, 101, '2020-11-11 01:34:51', 2),
	(17, 8, 103, '2020-11-11 02:31:07', 1),
	(18, 4, 103, '2020-11-11 02:31:30', 0),
	(19, 66, 103, '2020-11-11 02:31:44', 1),
	(20, 67, 103, '2020-11-11 02:31:56', 2),
	(21, 8, 86, '2020-11-12 01:31:19', 1),
	(22, 70, 86, '2020-11-12 02:33:03', 0),
	(27, 70, 113, '2020-11-17 00:19:39', 0),
	(29, 1, 112, '2020-11-17 22:22:30', 0),
	(30, 4, 112, '2020-11-17 22:27:12', 0),
	(31, 37, 112, '2020-11-17 22:27:53', 1),
	(32, 11, 112, '2020-11-17 22:28:29', 0),
	(33, 3, 112, '2020-11-17 22:30:25', 1),
	(34, 10, 112, '2020-11-17 22:33:11', 0),
	(35, 2, 64, '2020-11-20 19:16:14', 2),
	(36, 11, 64, '2020-11-20 19:19:12', 1),
	(37, 67, 64, '2020-11-20 19:20:55', 1),
	(38, 10, 64, '2020-11-20 19:56:24', 1),
	(39, 38, 64, '2020-11-21 14:26:06', 1),
	(40, 7, 64, '2020-11-21 15:29:53', 1),
	(41, 6, 64, '2020-11-22 13:50:06', 1),
	(42, 5, 104, '2020-11-22 20:06:02', 2),
	(43, 4, 105, '2020-11-22 20:26:45', 0),
	(44, 7, 86, '2020-11-22 23:36:13', 1),
	(45, 88, 115, '2020-11-23 18:46:46', 1),
	(46, 87, 115, '2020-11-23 18:47:01', 1),
	(47, 85, 115, '2020-11-23 18:47:35', 1),
	(48, 84, 115, '2020-11-23 18:47:44', 1),
	(49, 86, 115, '2020-11-23 18:48:03', 1);
/*!40000 ALTER TABLE `colaboraciones` ENABLE KEYS */;

-- Volcando estructura para tabla u474532209_solidariapp.colaborador
CREATE TABLE IF NOT EXISTS `colaborador` (
  `idUsuario` int(10) unsigned NOT NULL,
  `nombreColaborador` varchar(50) COLLATE utf8mb4_unicode_ci NOT NULL,
  `apellidoColaborador` varchar(50) COLLATE utf8mb4_unicode_ci NOT NULL,
  PRIMARY KEY (`idUsuario`),
  CONSTRAINT `fk_colaborador_usuario` FOREIGN KEY (`idUsuario`) REFERENCES `usuario` (`idUsuario`)
) ENGINE=InnoDB DEFAULT CHARSET=utf8mb4 COLLATE=utf8mb4_unicode_ci;

-- Volcando datos para la tabla u474532209_solidariapp.colaborador: ~24 rows (aproximadamente)
DELETE FROM `colaborador`;
/*!40000 ALTER TABLE `colaborador` DISABLE KEYS */;
INSERT INTO `colaborador` (`idUsuario`, `nombreColaborador`, `apellidoColaborador`) VALUES
	(1, 'Dario', 'Emiliano'),
	(44, 'Dario', 'Lalanne'),
	(52, 'Kevin', 'Zelada'),
	(63, 'Flavio', 'Segade'),
	(64, 'Giuliano', 'Rizzi'),
	(69, 'Juan', 'Salomon'),
	(80, 'Jeff', 'Bezos'),
	(81, 'Mark', 'Zuckerberg'),
	(83, 'Maria', 'Gonzalez'),
	(86, 'Dario', 'Emiliano'),
	(97, 'Jose', 'Perez'),
	(98, 'Dross', 'Rotzank'),
	(100, 'Pepito', 'Pepitez'),
	(101, 'Dario', 'Lala'),
	(103, 'Steve', 'Jobs'),
	(104, 'Roger ', 'Pressman'),
	(105, 'Ian ', 'Sommerville'),
	(106, 'Ned', 'Flanders'),
	(107, 'Bill', 'Gates'),
	(108, 'Grady', 'Booch'),
	(109, 'Marcos', 'Galperin'),
	(112, 'Mirta', 'Legrand'),
	(113, 'Ricky', 'Fort'),
	(115, 'Homero', 'Simpson');
/*!40000 ALTER TABLE `colaborador` ENABLE KEYS */;

-- Volcando estructura para tabla u474532209_solidariapp.denuncia
CREATE TABLE IF NOT EXISTS `denuncia` (
  `idDenuncia` int(10) unsigned NOT NULL AUTO_INCREMENT,
  `idMotivoDenuncia` int(10) unsigned NOT NULL,
  `fechaDenuncia` datetime NOT NULL DEFAULT CURRENT_TIMESTAMP,
  `idDenunciante` int(10) unsigned NOT NULL,
  `idDenunciado` int(10) unsigned NOT NULL,
  `descripcionDenuncia` varchar(500) COLLATE utf8mb4_unicode_ci NOT NULL,
  `confirmada` tinyint(1) NOT NULL DEFAULT '0',
  PRIMARY KEY (`idDenuncia`),
  KEY `confirmada` (`confirmada`),
  KEY `idMotivoDenuncia` (`idMotivoDenuncia`),
  CONSTRAINT `fk_denuncia_motivoDenuncia` FOREIGN KEY (`idMotivoDenuncia`) REFERENCES `motivodenuncia` (`idMotivoDenuncia`)
) ENGINE=InnoDB AUTO_INCREMENT=14 DEFAULT CHARSET=utf8mb4 COLLATE=utf8mb4_unicode_ci;

-- Volcando datos para la tabla u474532209_solidariapp.denuncia: ~11 rows (aproximadamente)
DELETE FROM `denuncia`;
/*!40000 ALTER TABLE `denuncia` DISABLE KEYS */;
INSERT INTO `denuncia` (`idDenuncia`, `idMotivoDenuncia`, `fechaDenuncia`, `idDenunciante`, `idDenunciado`, `descripcionDenuncia`, `confirmada`) VALUES
	(1, 1, '2020-11-19 00:00:00', 110, 103, 'me re estafo, alto gato', 0),
	(2, 2, '2020-11-04 00:00:00', 110, 103, 'me robaron', 1),
	(3, 3, '2020-11-04 00:00:00', 110, 103, 'se hizo pasar por otro', 0),
	(4, 5, '2020-11-18 00:00:00', 87, 112, 'asdasd', 0),
	(5, 1, '2020-12-03 00:00:00', 86, 63, 'me estafoo', 0),
	(6, 1, '2020-11-14 00:00:00', 63, 101, 'Me estafo, muy mal', 0),
	(7, 4, '2020-11-18 00:00:00', 63, 64, 'tengo miedo', 0),
	(8, 1, '2020-11-20 00:00:00', 63, 78, 'mmm', 0),
	(10, 3, '2020-11-19 00:00:00', 63, 78, 'Creo que es una organizacion falsa', 0),
	(12, 2, '2020-11-06 00:00:00', 64, 63, 'me robo 10 pesos', 0),
	(13, 3, '2020-11-24 00:00:00', 86, 78, 'me confundio', 0);
/*!40000 ALTER TABLE `denuncia` ENABLE KEYS */;

-- Volcando estructura para tabla u474532209_solidariapp.domicilio
CREATE TABLE IF NOT EXISTS `domicilio` (
  `idDomicilio` int(10) unsigned NOT NULL AUTO_INCREMENT,
  `calle` varchar(50) COLLATE utf8mb4_unicode_ci NOT NULL DEFAULT '0',
  `numero` int(10) unsigned DEFAULT '0',
  `piso` varchar(4) COLLATE utf8mb4_unicode_ci DEFAULT NULL,
  `depto` varchar(4) COLLATE utf8mb4_unicode_ci DEFAULT NULL,
  `latitud` float DEFAULT NULL,
  `longitud` float DEFAULT NULL,
  `idLocalidad` int(10) unsigned NOT NULL,
  `idUsuario` int(10) unsigned NOT NULL,
  PRIMARY KEY (`idDomicilio`),
  KEY `FK_domicilio_Localidad` (`idLocalidad`),
  KEY `FK_domicilio_usuario` (`idUsuario`),
  CONSTRAINT `FK_domicilio_Localidad` FOREIGN KEY (`idLocalidad`) REFERENCES `localidad` (`idLocalidad`),
  CONSTRAINT `FK_domicilio_usuario` FOREIGN KEY (`idUsuario`) REFERENCES `usuario` (`idUsuario`)
) ENGINE=InnoDB AUTO_INCREMENT=75 DEFAULT CHARSET=utf8mb4 COLLATE=utf8mb4_unicode_ci;

-- Volcando datos para la tabla u474532209_solidariapp.domicilio: ~44 rows (aproximadamente)
DELETE FROM `domicilio`;
/*!40000 ALTER TABLE `domicilio` DISABLE KEYS */;
INSERT INTO `domicilio` (`idDomicilio`, `calle`, `numero`, `piso`, `depto`, `latitud`, `longitud`, `idLocalidad`, `idUsuario`) VALUES
	(1, 'Guatambu', 231, '', '', -34.8311, -58.4164, 147, 1),
	(23, 'asd', 11, 'asd', '11', -35, -58.5245, 8, 44),
	(26, 'Calle falsa', 123, '', '', 0, 0, 179, 48),
	(28, 'ASD3', 1, 'ASD ', '3', -35, -58.5245, 991, 52),
	(29, 'lino lagos', 2220, '1', 'b', -34.7123, -58.5138, 148, 63),
	(30, 'Calle falsa', 123, '2', '2', -35, -58.5245, 2272, 64),
	(31, '4234', 2, '4234', '', -35, -58.5245, 1478, 69),
	(32, 'Calle falsa', 213, '', '', -35, -58.5245, 1613, 70),
	(38, 'Alamo', 1233, '1', '1', -35, -58.5245, 3, 78),
	(39, 'Calle falsa', 5345, '', '', -35, -58.5245, 1436, 80),
	(40, 'Calle falsa', 123, '', '', -35, -58.5245, 7, 81),
	(41, 'Calle falsa', 321312, '', '', -35, -58.5245, 1455, 82),
	(42, 'falsa', 123, '', '', -35, -58.5245, 8, 83),
	(43, 'asdasd', 12, '12', '12', -35, -58.5245, 1356, 84),
	(44, 'asdasd', 12, '12', '12', -35, -58.5245, 1356, 85),
	(45, 'Guatambu', 123, '10', '1', -34.95, -58.512, 147, 86),
	(46, 'Gaddini', 500, '12', '1', -34.8908, -58.5666, 251, 87),
	(47, 'asdasd', 12, '', '', -35.12, -58.54, 334, 88),
	(48, 'Gaddini', 200, '', '', -35, -58.5245, 251, 89),
	(49, 'Gaddini', 200, '', '', -35, -58.5245, 251, 90),
	(50, 'Gaddini', 200, '', '', -35, -58.5245, 251, 91),
	(51, 'Gaddini', 200, '', '', -35, -58.5245, 251, 92),
	(52, 'Gaddini', 200, '', '', -35, -58.5245, 251, 93),
	(54, 'Gaddini', 200, '', '', -34.8945, -58.5622, 251, 95),
	(55, '25 de Mayo', 200, '', '', -34.8932, -58.5703, 251, 96),
	(56, 'el jume', 3242, '', '1', -34.7272, -58.5174, 166, 97),
	(57, 'Canale', 200, '', '', -34.8926, -58.5666, 251, 98),
	(58, '25 de Mayo', 200, '', '', -34.8946, -58.5732, 251, 99),
	(59, 'Moreno', 50, '', '', -34.901, -58.5535, 251, 100),
	(60, 'Pino', 354, '1', 'D', -34.8121, -58.3995, 147, 101),
	(61, 'Dorrego', 232, '1', '1', -34.8179, -58.4705, 217, 102),
	(62, 'Vicente Lopez', 456, '1', '1', -15.9514, -73.1487, 217, 103),
	(63, 'Avenida siempreviva', 123, '', '', 0, 0, 1473, 104),
	(64, 'Guatambu', 123, '', '', 0, 0, 13, 105),
	(65, 'Gaddini', 12, '', '', 0, 0, 1605, 106),
	(66, 'Gaddini', 200, '', '', 0, 0, 338, 107),
	(67, 'Gaddini', 200, '', '', 0, 0, 296, 108),
	(68, 'Gaddini', 200, '', '', 0, 0, 1294, 109),
	(69, 'Arana', 220, '', '', -34.8137, -58.4663, 217, 110),
	(70, 'el jume', 3242, '', '', -34.7273, -58.5211, 166, 112),
	(71, 'falsa', 1234, '', '', 0, 0, 1, 113),
	(72, 'Arana', 100, '', '', -34.8146, -58.468, 217, 114),
	(73, 'asd', 1, '', '', 0, 0, 2, 115),
	(74, 'asdas', 11, '', '', 0, 0, 145, 116);
/*!40000 ALTER TABLE `domicilio` ENABLE KEYS */;

-- Volcando estructura para tabla u474532209_solidariapp.estadocolaboracion
CREATE TABLE IF NOT EXISTS `estadocolaboracion` (
  `idEstadoColaboracion` int(10) unsigned NOT NULL,
  `descripcionEstadoColaboracion` varchar(50) COLLATE utf8mb4_unicode_ci NOT NULL,
  PRIMARY KEY (`idEstadoColaboracion`)
) ENGINE=InnoDB DEFAULT CHARSET=utf8mb4 COLLATE=utf8mb4_unicode_ci;

-- Volcando datos para la tabla u474532209_solidariapp.estadocolaboracion: ~3 rows (aproximadamente)
DELETE FROM `estadocolaboracion`;
/*!40000 ALTER TABLE `estadocolaboracion` DISABLE KEYS */;
INSERT INTO `estadocolaboracion` (`idEstadoColaboracion`, `descripcionEstadoColaboracion`) VALUES
	(0, 'pendiente'),
	(1, 'concretado'),
	(2, 'no concretado');
/*!40000 ALTER TABLE `estadocolaboracion` ENABLE KEYS */;

-- Volcando estructura para tabla u474532209_solidariapp.estadonecesidad
CREATE TABLE IF NOT EXISTS `estadonecesidad` (
  `idEstadoNecesidad` int(11) NOT NULL AUTO_INCREMENT,
  `descripcionEstado` varchar(50) COLLATE utf8mb4_unicode_ci NOT NULL,
  PRIMARY KEY (`idEstadoNecesidad`)
) ENGINE=InnoDB AUTO_INCREMENT=4 DEFAULT CHARSET=utf8mb4 COLLATE=utf8mb4_unicode_ci;

-- Volcando datos para la tabla u474532209_solidariapp.estadonecesidad: ~3 rows (aproximadamente)
DELETE FROM `estadonecesidad`;
/*!40000 ALTER TABLE `estadonecesidad` DISABLE KEYS */;
INSERT INTO `estadonecesidad` (`idEstadoNecesidad`, `descripcionEstado`) VALUES
	(1, 'en proceso'),
	(2, 'cumplida'),
	(3, 'eliminada');
/*!40000 ALTER TABLE `estadonecesidad` ENABLE KEYS */;

-- Volcando estructura para tabla u474532209_solidariapp.estadousuario
CREATE TABLE IF NOT EXISTS `estadousuario` (
  `idEstadoUsuario` int(10) unsigned NOT NULL AUTO_INCREMENT,
  `nombreEstadoUsuario` varchar(50) COLLATE utf8mb4_unicode_ci NOT NULL,
  PRIMARY KEY (`idEstadoUsuario`)
) ENGINE=InnoDB AUTO_INCREMENT=4 DEFAULT CHARSET=utf8mb4 COLLATE=utf8mb4_unicode_ci;

-- Volcando datos para la tabla u474532209_solidariapp.estadousuario: ~3 rows (aproximadamente)
DELETE FROM `estadousuario`;
/*!40000 ALTER TABLE `estadousuario` DISABLE KEYS */;
INSERT INTO `estadousuario` (`idEstadoUsuario`, `nombreEstadoUsuario`) VALUES
	(1, 'Activo'),
	(2, 'Inactivo'),
	(3, 'Bloqueado');
/*!40000 ALTER TABLE `estadousuario` ENABLE KEYS */;

-- Volcando estructura para tabla u474532209_solidariapp.insignia
CREATE TABLE IF NOT EXISTS `insignia` (
  `idInsignia` int(10) unsigned NOT NULL AUTO_INCREMENT,
  `nombreInsignia` varchar(50) COLLATE utf8mb4_unicode_ci NOT NULL,
  `descripcionInsignia` varchar(500) COLLATE utf8mb4_unicode_ci DEFAULT NULL,
  `cantidadRequerida` int(10) unsigned NOT NULL,
  `idCategoria` int(10) unsigned DEFAULT NULL,
  `icono` varchar(50) COLLATE utf8mb4_unicode_ci DEFAULT NULL,
  PRIMARY KEY (`idInsignia`),
  KEY `fk_insignia_categoria` (`idCategoria`),
  CONSTRAINT `fk_insignia_categoria` FOREIGN KEY (`idCategoria`) REFERENCES `categorianecesidad` (`idCategoria`)
) ENGINE=InnoDB AUTO_INCREMENT=8 DEFAULT CHARSET=utf8mb4 COLLATE=utf8mb4_unicode_ci;

-- Volcando datos para la tabla u474532209_solidariapp.insignia: ~7 rows (aproximadamente)
DELETE FROM `insignia`;
/*!40000 ALTER TABLE `insignia` DISABLE KEYS */;
INSERT INTO `insignia` (`idInsignia`, `nombreInsignia`, `descripcionInsignia`, `cantidadRequerida`, `idCategoria`, `icono`) VALUES
	(1, 'Gran colaborador', 'Obtuviste esta insignia por haber colaborado con 5 necesidades', 5, NULL, 'fas fa-gift'),
	(2, 'El rey de los colaboradores', 'Obtuviste esta insignia por haber colaborado con 50 necesidades', 50, NULL, 'fas fa-crown'),
	(3, 'Generosidad', 'Obtuviste esta insignia por haber colaborado con 5 necesidades de la categoría dinero', 5, 4, 'fas fa-money-bill-wave'),
	(4, 'Impecable', 'Obtuviste esta insignia por haber colaborado con 5 necesidades de la categoria limpieza', 5, 3, 'fas fa-hand-sparkles'),
	(5, 'El vestidor del pueblo', 'Obtuviste esta insignia por haber colaborado con 5 necesidades de la categoria Ropa', 5, 2, 'fas fa-tshirt'),
	(6, 'Excelente servicio', 'Obtuviste esta insignia por haber colaborado con 5 necesidades de la categoria servicios', 5, 5, 'fas fa-star'),
	(7, 'El gran proveedor', 'Obtuviste esta insignia por haber colaborado con 5 necesidades de la categoria alimentos', 5, 1, 'fas fa-pizza-slice');
/*!40000 ALTER TABLE `insignia` ENABLE KEYS */;

-- Volcando estructura para tabla u474532209_solidariapp.insigniausuario
CREATE TABLE IF NOT EXISTS `insigniausuario` (
  `idInsigniaAsignada` int(10) unsigned NOT NULL AUTO_INCREMENT,
  `idInsignia` int(10) unsigned NOT NULL,
  `idUsuario` int(10) unsigned NOT NULL,
  `fechaAsignacion` datetime NOT NULL DEFAULT CURRENT_TIMESTAMP,
  PRIMARY KEY (`idInsigniaAsignada`),
  KEY `idInsignia` (`idInsignia`),
  KEY `idUsuario` (`idUsuario`),
  CONSTRAINT `fk_insigniaAsignada_insignia` FOREIGN KEY (`idInsignia`) REFERENCES `insignia` (`idInsignia`),
  CONSTRAINT `fk_insigniaAsignada_usuario` FOREIGN KEY (`idUsuario`) REFERENCES `usuario` (`idUsuario`)
) ENGINE=InnoDB AUTO_INCREMENT=9 DEFAULT CHARSET=utf8mb4 COLLATE=utf8mb4_unicode_ci;

-- Volcando datos para la tabla u474532209_solidariapp.insigniausuario: ~5 rows (aproximadamente)
DELETE FROM `insigniausuario`;
/*!40000 ALTER TABLE `insigniausuario` DISABLE KEYS */;
INSERT INTO `insigniausuario` (`idInsigniaAsignada`, `idInsignia`, `idUsuario`, `fechaAsignacion`) VALUES
	(3, 1, 86, '2020-11-17 21:51:15'),
	(4, 2, 86, '2020-11-20 17:22:15'),
	(5, 1, 64, '2020-11-21 16:02:06'),
	(6, 1, 101, '2020-11-23 18:25:53'),
	(8, 1, 115, '2020-11-23 19:01:36');
/*!40000 ALTER TABLE `insigniausuario` ENABLE KEYS */;

-- Volcando estructura para tabla u474532209_solidariapp.link
CREATE TABLE IF NOT EXISTS `link` (
  `idLink` int(10) unsigned NOT NULL AUTO_INCREMENT,
  `urlLink` varchar(50) COLLATE utf8mb4_unicode_ci NOT NULL,
  `idUsuario` int(10) unsigned NOT NULL,
  `idTipoLink` int(10) unsigned NOT NULL,
  PRIMARY KEY (`idLink`),
  KEY `fk_link_usuario` (`idUsuario`),
  KEY `fk_link_tipoLink` (`idTipoLink`),
  CONSTRAINT `fk_link_tipoLink` FOREIGN KEY (`idTipoLink`) REFERENCES `tipolink` (`idTipoLink`),
  CONSTRAINT `fk_link_usuario` FOREIGN KEY (`idUsuario`) REFERENCES `usuario` (`idUsuario`)
) ENGINE=InnoDB DEFAULT CHARSET=utf8mb4 COLLATE=utf8mb4_unicode_ci;

-- Volcando datos para la tabla u474532209_solidariapp.link: ~0 rows (aproximadamente)
DELETE FROM `link`;
/*!40000 ALTER TABLE `link` DISABLE KEYS */;
/*!40000 ALTER TABLE `link` ENABLE KEYS */;

-- Volcando estructura para tabla u474532209_solidariapp.localidad
CREATE TABLE IF NOT EXISTS `localidad` (
  `idLocalidad` int(10) unsigned NOT NULL AUTO_INCREMENT,
  `nombreLocalidad` varchar(50) COLLATE utf8mb4_unicode_ci NOT NULL,
  `idProvincia` int(10) unsigned NOT NULL,
  PRIMARY KEY (`idLocalidad`),
  KEY `FK_Localidad_provincia` (`idProvincia`),
  CONSTRAINT `FK_Localidad_provincia` FOREIGN KEY (`idProvincia`) REFERENCES `provincia` (`idProvincia`)
) ENGINE=InnoDB AUTO_INCREMENT=2383 DEFAULT CHARSET=utf8mb4 COLLATE=utf8mb4_unicode_ci;

-- Volcando datos para la tabla u474532209_solidariapp.localidad: ~2.382 rows (aproximadamente)
DELETE FROM `localidad`;
/*!40000 ALTER TABLE `localidad` DISABLE KEYS */;
INSERT INTO `localidad` (`idLocalidad`, `nombreLocalidad`, `idProvincia`) VALUES
	(1, '25 de Mayo', 1),
	(2, '3 de febrero', 1),
	(3, 'A. Alsina', 1),
	(4, 'A. Gonzáles Cháves', 1),
	(5, 'Aguas Verdes', 1),
	(6, 'Alberti', 1),
	(7, 'Arrecifes', 1),
	(8, 'Ayacucho', 1),
	(9, 'Azul', 1),
	(10, 'Bahía Blanca', 1),
	(11, 'Balcarce', 1),
	(12, 'Baradero', 1),
	(13, 'Benito Juárez', 1),
	(14, 'Berisso', 1),
	(15, 'Bolívar', 1),
	(16, 'Bragado', 1),
	(17, 'Brandsen', 1),
	(18, 'Campana', 1),
	(19, 'Cañuelas', 1),
	(20, 'Capilla del Señor', 1),
	(21, 'Capitán Sarmiento', 1),
	(22, 'Carapachay', 1),
	(23, 'Carhue', 1),
	(24, 'Cariló', 1),
	(25, 'Carlos Casares', 1),
	(26, 'Carlos Tejedor', 1),
	(27, 'Carmen de Areco', 1),
	(28, 'Carmen de Patagones', 1),
	(29, 'Castelli', 1),
	(30, 'Chacabuco', 1),
	(31, 'Chascomús', 1),
	(32, 'Chivilcoy', 1),
	(33, 'Colón', 1),
	(34, 'Coronel Dorrego', 1),
	(35, 'Coronel Pringles', 1),
	(36, 'Coronel Rosales', 1),
	(37, 'Coronel Suarez', 1),
	(38, 'Costa Azul', 1),
	(39, 'Costa Chica', 1),
	(40, 'Costa del Este', 1),
	(41, 'Costa Esmeralda', 1),
	(42, 'Daireaux', 1),
	(43, 'Darregueira', 1),
	(44, 'Del Viso', 1),
	(45, 'Dolores', 1),
	(46, 'Don Torcuato', 1),
	(47, 'Ensenada', 1),
	(48, 'Escobar', 1),
	(49, 'Exaltación de la Cruz', 1),
	(50, 'Florentino Ameghino', 1),
	(51, 'Garín', 1),
	(52, 'Gral. Alvarado', 1),
	(53, 'Gral. Alvear', 1),
	(54, 'Gral. Arenales', 1),
	(55, 'Gral. Belgrano', 1),
	(56, 'Gral. Guido', 1),
	(57, 'Gral. Lamadrid', 1),
	(58, 'Gral. Las Heras', 1),
	(59, 'Gral. Lavalle', 1),
	(60, 'Gral. Madariaga', 1),
	(61, 'Gral. Pacheco', 1),
	(62, 'Gral. Paz', 1),
	(63, 'Gral. Pinto', 1),
	(64, 'Gral. Pueyrredón', 1),
	(65, 'Gral. Rodríguez', 1),
	(66, 'Gral. Viamonte', 1),
	(67, 'Gral. Villegas', 1),
	(68, 'Guaminí', 1),
	(69, 'Guernica', 1),
	(70, 'Hipólito Yrigoyen', 1),
	(71, 'Ing. Maschwitz', 1),
	(72, 'Junín', 1),
	(73, 'La Plata', 1),
	(74, 'Laprida', 1),
	(75, 'Las Flores', 1),
	(76, 'Las Toninas', 1),
	(77, 'Leandro N. Alem', 1),
	(78, 'Lincoln', 1),
	(79, 'Loberia', 1),
	(80, 'Lobos', 1),
	(81, 'Los Cardales', 1),
	(82, 'Los Toldos', 1),
	(83, 'Lucila del Mar', 1),
	(84, 'Luján', 1),
	(85, 'Magdalena', 1),
	(86, 'Maipú', 1),
	(87, 'Mar Chiquita', 1),
	(88, 'Mar de Ajó', 1),
	(89, 'Mar de las Pampas', 1),
	(90, 'Mar del Plata', 1),
	(91, 'Mar del Tuyú', 1),
	(92, 'Marcos Paz', 1),
	(93, 'Mercedes', 1),
	(94, 'Miramar', 1),
	(95, 'Monte', 1),
	(96, 'Monte Hermoso', 1),
	(97, 'Munro', 1),
	(98, 'Navarro', 1),
	(99, 'Necochea', 1),
	(100, 'Olavarría', 1),
	(101, 'Partido de la Costa', 1),
	(102, 'Pehuajó', 1),
	(103, 'Pellegrini', 1),
	(104, 'Pergamino', 1),
	(105, 'Pigüé', 1),
	(106, 'Pila', 1),
	(107, 'Pilar', 1),
	(108, 'Pinamar', 1),
	(109, 'Pinar del Sol', 1),
	(110, 'Polvorines', 1),
	(111, 'Pte. Perón', 1),
	(112, 'Puán', 1),
	(113, 'Punta Indio', 1),
	(114, 'Ramallo', 1),
	(115, 'Rauch', 1),
	(116, 'Rivadavia', 1),
	(117, 'Rojas', 1),
	(118, 'Roque Pérez', 1),
	(119, 'Saavedra', 1),
	(120, 'Saladillo', 1),
	(121, 'Salliqueló', 1),
	(122, 'Salto', 1),
	(123, 'San Andrés de Giles', 1),
	(124, 'San Antonio de Areco', 1),
	(125, 'San Antonio de Padua', 1),
	(126, 'San Bernardo', 1),
	(127, 'San Cayetano', 1),
	(128, 'San Clemente del Tuyú', 1),
	(129, 'San Nicolás', 1),
	(130, 'San Pedro', 1),
	(131, 'San Vicente', 1),
	(132, 'Santa Teresita', 1),
	(133, 'Suipacha', 1),
	(134, 'Tandil', 1),
	(135, 'Tapalqué', 1),
	(136, 'Tordillo', 1),
	(137, 'Tornquist', 1),
	(138, 'Trenque Lauquen', 1),
	(139, 'Tres Lomas', 1),
	(140, 'Villa Gesell', 1),
	(141, 'Villarino', 1),
	(142, 'Zárate', 1),
	(143, '11 de Septiembre', 2),
	(144, '20 de Junio', 2),
	(145, '25 de Mayo', 2),
	(146, 'Acassuso', 2),
	(147, 'Adrogué', 2),
	(148, 'Aldo Bonzi', 2),
	(149, 'Área Reserva Cinturón Ecológico', 2),
	(150, 'Avellaneda', 2),
	(151, 'Banfield', 2),
	(152, 'Barrio Parque', 2),
	(153, 'Barrio Santa Teresita', 2),
	(154, 'Beccar', 2),
	(155, 'Bella Vista', 2),
	(156, 'Berazategui', 2),
	(157, 'Bernal Este', 2),
	(158, 'Bernal Oeste', 2),
	(159, 'Billinghurst', 2),
	(160, 'Boulogne', 2),
	(161, 'Burzaco', 2),
	(162, 'Carapachay', 2),
	(163, 'Caseros', 2),
	(164, 'Castelar', 2),
	(165, 'Churruca', 2),
	(166, 'Ciudad Evita', 2),
	(167, 'Ciudad Madero', 2),
	(168, 'Ciudadela', 2),
	(169, 'Claypole', 2),
	(170, 'Crucecita', 2),
	(171, 'Dock Sud', 2),
	(172, 'Don Bosco', 2),
	(173, 'Don Orione', 2),
	(174, 'El Jagüel', 2),
	(175, 'El Libertador', 2),
	(176, 'El Palomar', 2),
	(177, 'El Tala', 2),
	(178, 'El Trébol', 2),
	(179, 'Ezeiza', 2),
	(180, 'Ezpeleta', 2),
	(181, 'Florencio Varela', 2),
	(182, 'Florida', 2),
	(183, 'Francisco Álvarez', 2),
	(184, 'Gerli', 2),
	(185, 'Glew', 2),
	(186, 'González Catán', 2),
	(187, 'Gral. Lamadrid', 2),
	(188, 'Grand Bourg', 2),
	(189, 'Gregorio de Laferrere', 2),
	(190, 'Guillermo Enrique Hudson', 2),
	(191, 'Haedo', 2),
	(192, 'Hurlingham', 2),
	(193, 'Ing. Sourdeaux', 2),
	(194, 'Isidro Casanova', 2),
	(195, 'Ituzaingó', 2),
	(196, 'José C. Paz', 2),
	(197, 'José Ingenieros', 2),
	(198, 'José Marmol', 2),
	(199, 'La Lucila', 2),
	(200, 'La Reja', 2),
	(201, 'La Tablada', 2),
	(202, 'Lanús', 2),
	(203, 'Llavallol', 2),
	(204, 'Loma Hermosa', 2),
	(205, 'Lomas de Zamora', 2),
	(206, 'Lomas del Millón', 2),
	(207, 'Lomas del Mirador', 2),
	(208, 'Longchamps', 2),
	(209, 'Los Polvorines', 2),
	(210, 'Luis Guillón', 2),
	(211, 'Malvinas Argentinas', 2),
	(212, 'Martín Coronado', 2),
	(213, 'Martínez', 2),
	(214, 'Merlo', 2),
	(215, 'Ministro Rivadavia', 2),
	(216, 'Monte Chingolo', 2),
	(217, 'Monte Grande', 2),
	(218, 'Moreno', 2),
	(219, 'Morón', 2),
	(220, 'Muñiz', 2),
	(221, 'Olivos', 2),
	(222, 'Pablo Nogués', 2),
	(223, 'Pablo Podestá', 2),
	(224, 'Paso del Rey', 2),
	(225, 'Pereyra', 2),
	(226, 'Piñeiro', 2),
	(227, 'Plátanos', 2),
	(228, 'Pontevedra', 2),
	(229, 'Quilmes', 2),
	(230, 'Rafael Calzada', 2),
	(231, 'Rafael Castillo', 2),
	(232, 'Ramos Mejía', 2),
	(233, 'Ranelagh', 2),
	(234, 'Remedios de Escalada', 2),
	(235, 'Sáenz Peña', 2),
	(236, 'San Antonio de Padua', 2),
	(237, 'San Fernando', 2),
	(238, 'San Francisco Solano', 2),
	(239, 'San Isidro', 2),
	(240, 'San José', 2),
	(241, 'San Justo', 2),
	(242, 'San Martín', 2),
	(243, 'San Miguel', 2),
	(244, 'Santos Lugares', 2),
	(245, 'Sarandí', 2),
	(246, 'Sourigues', 2),
	(247, 'Tapiales', 2),
	(248, 'Temperley', 2),
	(249, 'Tigre', 2),
	(250, 'Tortuguitas', 2),
	(251, 'Tristán Suárez', 2),
	(252, 'Trujui', 2),
	(253, 'Turdera', 2),
	(254, 'Valentín Alsina', 2),
	(255, 'Vicente López', 2),
	(256, 'Villa Adelina', 2),
	(257, 'Villa Ballester', 2),
	(258, 'Villa Bosch', 2),
	(259, 'Villa Caraza', 2),
	(260, 'Villa Celina', 2),
	(261, 'Villa Centenario', 2),
	(262, 'Villa de Mayo', 2),
	(263, 'Villa Diamante', 2),
	(264, 'Villa Domínico', 2),
	(265, 'Villa España', 2),
	(266, 'Villa Fiorito', 2),
	(267, 'Villa Guillermina', 2),
	(268, 'Villa Insuperable', 2),
	(269, 'Villa José León Suárez', 2),
	(270, 'Villa La Florida', 2),
	(271, 'Villa Luzuriaga', 2),
	(272, 'Villa Martelli', 2),
	(273, 'Villa Obrera', 2),
	(274, 'Villa Progreso', 2),
	(275, 'Villa Raffo', 2),
	(276, 'Villa Sarmiento', 2),
	(277, 'Villa Tesei', 2),
	(278, 'Villa Udaondo', 2),
	(279, 'Virrey del Pino', 2),
	(280, 'Wilde', 2),
	(281, 'William Morris', 2),
	(282, 'Agronomía', 3),
	(283, 'Almagro', 3),
	(284, 'Balvanera', 3),
	(285, 'Barracas', 3),
	(286, 'Belgrano', 3),
	(287, 'Boca', 3),
	(288, 'Boedo', 3),
	(289, 'Caballito', 3),
	(290, 'Chacarita', 3),
	(291, 'Coghlan', 3),
	(292, 'Colegiales', 3),
	(293, 'Constitución', 3),
	(294, 'Flores', 3),
	(295, 'Floresta', 3),
	(296, 'La Paternal', 3),
	(297, 'Liniers', 3),
	(298, 'Mataderos', 3),
	(299, 'Monserrat', 3),
	(300, 'Monte Castro', 3),
	(301, 'Nueva Pompeya', 3),
	(302, 'Núñez', 3),
	(303, 'Palermo', 3),
	(304, 'Parque Avellaneda', 3),
	(305, 'Parque Chacabuco', 3),
	(306, 'Parque Chas', 3),
	(307, 'Parque Patricios', 3),
	(308, 'Puerto Madero', 3),
	(309, 'Recoleta', 3),
	(310, 'Retiro', 3),
	(311, 'Saavedra', 3),
	(312, 'San Cristóbal', 3),
	(313, 'San Nicolás', 3),
	(314, 'San Telmo', 3),
	(315, 'Vélez Sársfield', 3),
	(316, 'Versalles', 3),
	(317, 'Villa Crespo', 3),
	(318, 'Villa del Parque', 3),
	(319, 'Villa Devoto', 3),
	(320, 'Villa Gral. Mitre', 3),
	(321, 'Villa Lugano', 3),
	(322, 'Villa Luro', 3),
	(323, 'Villa Ortúzar', 3),
	(324, 'Villa Pueyrredón', 3),
	(325, 'Villa Real', 3),
	(326, 'Villa Riachuelo', 3),
	(327, 'Villa Santa Rita', 3),
	(328, 'Villa Soldati', 3),
	(329, 'Villa Urquiza', 3),
	(330, 'Aconquija', 4),
	(331, 'Ancasti', 4),
	(332, 'Andalgalá', 4),
	(333, 'Antofagasta', 4),
	(334, 'Belén', 4),
	(335, 'Capayán', 4),
	(336, 'Capital', 4),
	(337, '4', 4),
	(338, 'Corral Quemado', 4),
	(339, 'El Alto', 4),
	(340, 'El Rodeo', 4),
	(341, 'F.Mamerto Esquiú', 4),
	(342, 'Fiambalá', 4),
	(343, 'Hualfín', 4),
	(344, 'Huillapima', 4),
	(345, 'Icaño', 4),
	(346, 'La Puerta', 4),
	(347, 'Las Juntas', 4),
	(348, 'Londres', 4),
	(349, 'Los Altos', 4),
	(350, 'Los Varela', 4),
	(351, 'Mutquín', 4),
	(352, 'Paclín', 4),
	(353, 'Poman', 4),
	(354, 'Pozo de La Piedra', 4),
	(355, 'Puerta de Corral', 4),
	(356, 'Puerta San José', 4),
	(357, 'Recreo', 4),
	(358, 'S.F.V de 4', 4),
	(359, 'San Fernando', 4),
	(360, 'San Fernando del Valle', 4),
	(361, 'San José', 4),
	(362, 'Santa María', 4),
	(363, 'Santa Rosa', 4),
	(364, 'Saujil', 4),
	(365, 'Tapso', 4),
	(366, 'Tinogasta', 4),
	(367, 'Valle Viejo', 4),
	(368, 'Villa Vil', 4),
	(369, 'Aviá Teraí', 5),
	(370, 'Barranqueras', 5),
	(371, 'Basail', 5),
	(372, 'Campo Largo', 5),
	(373, 'Capital', 5),
	(374, 'Capitán Solari', 5),
	(375, 'Charadai', 5),
	(376, 'Charata', 5),
	(377, 'Chorotis', 5),
	(378, 'Ciervo Petiso', 5),
	(379, 'Cnel. Du Graty', 5),
	(380, 'Col. Benítez', 5),
	(381, 'Col. Elisa', 5),
	(382, 'Col. Popular', 5),
	(383, 'Colonias Unidas', 5),
	(384, 'Concepción', 5),
	(385, 'Corzuela', 5),
	(386, 'Cote Lai', 5),
	(387, 'El Sauzalito', 5),
	(388, 'Enrique Urien', 5),
	(389, 'Fontana', 5),
	(390, 'Fte. Esperanza', 5),
	(391, 'Gancedo', 5),
	(392, 'Gral. Capdevila', 5),
	(393, 'Gral. Pinero', 5),
	(394, 'Gral. San Martín', 5),
	(395, 'Gral. Vedia', 5),
	(396, 'Hermoso Campo', 5),
	(397, 'I. del Cerrito', 5),
	(398, 'J.J. Castelli', 5),
	(399, 'La Clotilde', 5),
	(400, 'La Eduvigis', 5),
	(401, 'La Escondida', 5),
	(402, 'La Leonesa', 5),
	(403, 'La Tigra', 5),
	(404, 'La Verde', 5),
	(405, 'Laguna Blanca', 5),
	(406, 'Laguna Limpia', 5),
	(407, 'Lapachito', 5),
	(408, 'Las Breñas', 5),
	(409, 'Las Garcitas', 5),
	(410, 'Las Palmas', 5),
	(411, 'Los Frentones', 5),
	(412, 'Machagai', 5),
	(413, 'Makallé', 5),
	(414, 'Margarita Belén', 5),
	(415, 'Miraflores', 5),
	(416, 'Misión N. Pompeya', 5),
	(417, 'Napenay', 5),
	(418, 'Pampa Almirón', 5),
	(419, 'Pampa del Indio', 5),
	(420, 'Pampa del Infierno', 5),
	(421, 'Pdcia. de La Plaza', 5),
	(422, 'Pdcia. Roca', 5),
	(423, 'Pdcia. Roque Sáenz Peña', 5),
	(424, 'Pto. Bermejo', 5),
	(425, 'Pto. Eva Perón', 5),
	(426, 'Puero Tirol', 5),
	(427, 'Puerto Vilelas', 5),
	(428, 'Quitilipi', 5),
	(429, 'Resistencia', 5),
	(430, 'Sáenz Peña', 5),
	(431, 'Samuhú', 5),
	(432, 'San Bernardo', 5),
	(433, 'Santa Sylvina', 5),
	(434, 'Taco Pozo', 5),
	(435, 'Tres Isletas', 5),
	(436, 'Villa Ángela', 5),
	(437, 'Villa Berthet', 5),
	(438, 'Villa R. Bermejito', 5),
	(439, 'Aldea Apeleg', 6),
	(440, 'Aldea Beleiro', 6),
	(441, 'Aldea Epulef', 6),
	(442, 'Alto Río Sengerr', 6),
	(443, 'Buen Pasto', 6),
	(444, 'Camarones', 6),
	(445, 'Carrenleufú', 6),
	(446, 'Cholila', 6),
	(447, 'Co. Centinela', 6),
	(448, 'Colan Conhué', 6),
	(449, 'Comodoro Rivadavia', 6),
	(450, 'Corcovado', 6),
	(451, 'Cushamen', 6),
	(452, 'Dique F. Ameghino', 6),
	(453, 'Dolavón', 6),
	(454, 'Dr. R. Rojas', 6),
	(455, 'El Hoyo', 6),
	(456, 'El Maitén', 6),
	(457, 'Epuyén', 6),
	(458, 'Esquel', 6),
	(459, 'Facundo', 6),
	(460, 'Gaimán', 6),
	(461, 'Gan Gan', 6),
	(462, 'Gastre', 6),
	(463, 'Gdor. Costa', 6),
	(464, 'Gualjaina', 6),
	(465, 'J. de San Martín', 6),
	(466, 'Lago Blanco', 6),
	(467, 'Lago Puelo', 6),
	(468, 'Lagunita Salada', 6),
	(469, 'Las Plumas', 6),
	(470, 'Los Altares', 6),
	(471, 'Paso de los Indios', 6),
	(472, 'Paso del Sapo', 6),
	(473, 'Pto. Madryn', 6),
	(474, 'Pto. Pirámides', 6),
	(475, 'Rada Tilly', 6),
	(476, 'Rawson', 6),
	(477, 'Río Mayo', 6),
	(478, 'Río Pico', 6),
	(479, 'Sarmiento', 6),
	(480, 'Tecka', 6),
	(481, 'Telsen', 6),
	(482, 'Trelew', 6),
	(483, 'Trevelin', 6),
	(484, 'Veintiocho de Julio', 6),
	(485, 'Achiras', 7),
	(486, 'Adelia Maria', 7),
	(487, 'Agua de Oro', 7),
	(488, 'Alcira Gigena', 7),
	(489, 'Aldea Santa Maria', 7),
	(490, 'Alejandro Roca', 7),
	(491, 'Alejo Ledesma', 7),
	(492, 'Alicia', 7),
	(493, 'Almafuerte', 7),
	(494, 'Alpa Corral', 7),
	(495, 'Alta Gracia', 7),
	(496, 'Alto Alegre', 7),
	(497, 'Alto de Los Quebrachos', 7),
	(498, 'Altos de Chipion', 7),
	(499, 'Amboy', 7),
	(500, 'Ambul', 7),
	(501, 'Ana Zumaran', 7),
	(502, 'Anisacate', 7),
	(503, 'Arguello', 7),
	(504, 'Arias', 7),
	(505, 'Arroyito', 7),
	(506, 'Arroyo Algodon', 7),
	(507, 'Arroyo Cabral', 7),
	(508, 'Arroyo Los Patos', 7),
	(509, 'Assunta', 7),
	(510, 'Atahona', 7),
	(511, 'Ausonia', 7),
	(512, 'Avellaneda', 7),
	(513, 'Ballesteros', 7),
	(514, 'Ballesteros Sud', 7),
	(515, 'Balnearia', 7),
	(516, 'Bañado de Soto', 7),
	(517, 'Bell Ville', 7),
	(518, 'Bengolea', 7),
	(519, 'Benjamin Gould', 7),
	(520, 'Berrotaran', 7),
	(521, 'Bialet Masse', 7),
	(522, 'Bouwer', 7),
	(523, 'Brinkmann', 7),
	(524, 'Buchardo', 7),
	(525, 'Bulnes', 7),
	(526, 'Cabalango', 7),
	(527, 'Calamuchita', 7),
	(528, 'Calchin', 7),
	(529, 'Calchin Oeste', 7),
	(530, 'Calmayo', 7),
	(531, 'Camilo Aldao', 7),
	(532, 'Caminiaga', 7),
	(533, 'Cañada de Luque', 7),
	(534, 'Cañada de Machado', 7),
	(535, 'Cañada de Rio Pinto', 7),
	(536, 'Cañada del Sauce', 7),
	(537, 'Canals', 7),
	(538, 'Candelaria Sud', 7),
	(539, 'Capilla de Remedios', 7),
	(540, 'Capilla de Siton', 7),
	(541, 'Capilla del Carmen', 7),
	(542, 'Capilla del Monte', 7),
	(543, 'Capital', 7),
	(544, 'Capitan Gral B. O´Higgins', 7),
	(545, 'Carnerillo', 7),
	(546, 'Carrilobo', 7),
	(547, 'Casa Grande', 7),
	(548, 'Cavanagh', 7),
	(549, 'Cerro Colorado', 7),
	(550, 'Chaján', 7),
	(551, 'Chalacea', 7),
	(552, 'Chañar Viejo', 7),
	(553, 'Chancaní', 7),
	(554, 'Charbonier', 7),
	(555, 'Charras', 7),
	(556, 'Chazón', 7),
	(557, 'Chilibroste', 7),
	(558, 'Chucul', 7),
	(559, 'Chuña', 7),
	(560, 'Chuña Huasi', 7),
	(561, 'Churqui Cañada', 7),
	(562, 'Cienaga Del Coro', 7),
	(563, 'Cintra', 7),
	(564, 'Col. Almada', 7),
	(565, 'Col. Anita', 7),
	(566, 'Col. Barge', 7),
	(567, 'Col. Bismark', 7),
	(568, 'Col. Bremen', 7),
	(569, 'Col. Caroya', 7),
	(570, 'Col. Italiana', 7),
	(571, 'Col. Iturraspe', 7),
	(572, 'Col. Las Cuatro Esquinas', 7),
	(573, 'Col. Las Pichanas', 7),
	(574, 'Col. Marina', 7),
	(575, 'Col. Prosperidad', 7),
	(576, 'Col. San Bartolome', 7),
	(577, 'Col. San Pedro', 7),
	(578, 'Col. Tirolesa', 7),
	(579, 'Col. Vicente Aguero', 7),
	(580, 'Col. Videla', 7),
	(581, 'Col. Vignaud', 7),
	(582, 'Col. Waltelina', 7),
	(583, 'Colazo', 7),
	(584, 'Comechingones', 7),
	(585, 'Conlara', 7),
	(586, 'Copacabana', 7),
	(587, '7', 7),
	(588, 'Coronel Baigorria', 7),
	(589, 'Coronel Moldes', 7),
	(590, 'Corral de Bustos', 7),
	(591, 'Corralito', 7),
	(592, 'Cosquín', 7),
	(593, 'Costa Sacate', 7),
	(594, 'Cruz Alta', 7),
	(595, 'Cruz de Caña', 7),
	(596, 'Cruz del Eje', 7),
	(597, 'Cuesta Blanca', 7),
	(598, 'Dean Funes', 7),
	(599, 'Del Campillo', 7),
	(600, 'Despeñaderos', 7),
	(601, 'Devoto', 7),
	(602, 'Diego de Rojas', 7),
	(603, 'Dique Chico', 7),
	(604, 'El Arañado', 7),
	(605, 'El Brete', 7),
	(606, 'El Chacho', 7),
	(607, 'El Crispín', 7),
	(608, 'El Fortín', 7),
	(609, 'El Manzano', 7),
	(610, 'El Rastreador', 7),
	(611, 'El Rodeo', 7),
	(612, 'El Tío', 7),
	(613, 'Elena', 7),
	(614, 'Embalse', 7),
	(615, 'Esquina', 7),
	(616, 'Estación Gral. Paz', 7),
	(617, 'Estación Juárez Celman', 7),
	(618, 'Estancia de Guadalupe', 7),
	(619, 'Estancia Vieja', 7),
	(620, 'Etruria', 7),
	(621, 'Eufrasio Loza', 7),
	(622, 'Falda del Carmen', 7),
	(623, 'Freyre', 7),
	(624, 'Gral. Baldissera', 7),
	(625, 'Gral. Cabrera', 7),
	(626, 'Gral. Deheza', 7),
	(627, 'Gral. Fotheringham', 7),
	(628, 'Gral. Levalle', 7),
	(629, 'Gral. Roca', 7),
	(630, 'Guanaco Muerto', 7),
	(631, 'Guasapampa', 7),
	(632, 'Guatimozin', 7),
	(633, 'Gutenberg', 7),
	(634, 'Hernando', 7),
	(635, 'Huanchillas', 7),
	(636, 'Huerta Grande', 7),
	(637, 'Huinca Renanco', 7),
	(638, 'Idiazabal', 7),
	(639, 'Impira', 7),
	(640, 'Inriville', 7),
	(641, 'Isla Verde', 7),
	(642, 'Italó', 7),
	(643, 'James Craik', 7),
	(644, 'Jesús María', 7),
	(645, 'Jovita', 7),
	(646, 'Justiniano Posse', 7),
	(647, 'Km 658', 7),
	(648, 'L. V. Mansilla', 7),
	(649, 'La Batea', 7),
	(650, 'La Calera', 7),
	(651, 'La Carlota', 7),
	(652, 'La Carolina', 7),
	(653, 'La Cautiva', 7),
	(654, 'La Cesira', 7),
	(655, 'La Cruz', 7),
	(656, 'La Cumbre', 7),
	(657, 'La Cumbrecita', 7),
	(658, 'La Falda', 7),
	(659, 'La Francia', 7),
	(660, 'La Granja', 7),
	(661, 'La Higuera', 7),
	(662, 'La Laguna', 7),
	(663, 'La Paisanita', 7),
	(664, 'La Palestina', 7),
	(665, '12', 7),
	(666, 'La Paquita', 7),
	(667, 'La Para', 7),
	(668, 'La Paz', 7),
	(669, 'La Playa', 7),
	(670, 'La Playosa', 7),
	(671, 'La Población', 7),
	(672, 'La Posta', 7),
	(673, 'La Puerta', 7),
	(674, 'La Quinta', 7),
	(675, 'La Rancherita', 7),
	(676, 'La Rinconada', 7),
	(677, 'La Serranita', 7),
	(678, 'La Tordilla', 7),
	(679, 'Laborde', 7),
	(680, 'Laboulaye', 7),
	(681, 'Laguna Larga', 7),
	(682, 'Las Acequias', 7),
	(683, 'Las Albahacas', 7),
	(684, 'Las Arrias', 7),
	(685, 'Las Bajadas', 7),
	(686, 'Las Caleras', 7),
	(687, 'Las Calles', 7),
	(688, 'Las Cañadas', 7),
	(689, 'Las Gramillas', 7),
	(690, 'Las Higueras', 7),
	(691, 'Las Isletillas', 7),
	(692, 'Las Junturas', 7),
	(693, 'Las Palmas', 7),
	(694, 'Las Peñas', 7),
	(695, 'Las Peñas Sud', 7),
	(696, 'Las Perdices', 7),
	(697, 'Las Playas', 7),
	(698, 'Las Rabonas', 7),
	(699, 'Las Saladas', 7),
	(700, 'Las Tapias', 7),
	(701, 'Las Varas', 7),
	(702, 'Las Varillas', 7),
	(703, 'Las Vertientes', 7),
	(704, 'Leguizamón', 7),
	(705, 'Leones', 7),
	(706, 'Los Cedros', 7),
	(707, 'Los Cerrillos', 7),
	(708, 'Los Chañaritos (C.E)', 7),
	(709, 'Los Chanaritos (R.S)', 7),
	(710, 'Los Cisnes', 7),
	(711, 'Los Cocos', 7),
	(712, 'Los Cóndores', 7),
	(713, 'Los Hornillos', 7),
	(714, 'Los Hoyos', 7),
	(715, 'Los Mistoles', 7),
	(716, 'Los Molinos', 7),
	(717, 'Los Pozos', 7),
	(718, 'Los Reartes', 7),
	(719, 'Los Surgentes', 7),
	(720, 'Los Talares', 7),
	(721, 'Los Zorros', 7),
	(722, 'Lozada', 7),
	(723, 'Luca', 7),
	(724, 'Luque', 7),
	(725, 'Luyaba', 7),
	(726, 'Malagueño', 7),
	(727, 'Malena', 7),
	(728, 'Malvinas Argentinas', 7),
	(729, 'Manfredi', 7),
	(730, 'Maquinista Gallini', 7),
	(731, 'Marcos Juárez', 7),
	(732, 'Marull', 7),
	(733, 'Matorrales', 7),
	(734, 'Mattaldi', 7),
	(735, 'Mayu Sumaj', 7),
	(736, 'Media Naranja', 7),
	(737, 'Melo', 7),
	(738, 'Mendiolaza', 7),
	(739, 'Mi Granja', 7),
	(740, 'Mina Clavero', 7),
	(741, 'Miramar', 7),
	(742, 'Morrison', 7),
	(743, 'Morteros', 7),
	(744, 'Mte. Buey', 7),
	(745, 'Mte. Cristo', 7),
	(746, 'Mte. De Los Gauchos', 7),
	(747, 'Mte. Leña', 7),
	(748, 'Mte. Maíz', 7),
	(749, 'Mte. Ralo', 7),
	(750, 'Nicolás Bruzone', 7),
	(751, 'Noetinger', 7),
	(752, 'Nono', 7),
	(753, 'Nueva 7', 7),
	(754, 'Obispo Trejo', 7),
	(755, 'Olaeta', 7),
	(756, 'Oliva', 7),
	(757, 'Olivares San Nicolás', 7),
	(758, 'Onagolty', 7),
	(759, 'Oncativo', 7),
	(760, 'Ordoñez', 7),
	(761, 'Pacheco De Melo', 7),
	(762, 'Pampayasta N.', 7),
	(763, 'Pampayasta S.', 7),
	(764, 'Panaholma', 7),
	(765, 'Pascanas', 7),
	(766, 'Pasco', 7),
	(767, 'Paso del Durazno', 7),
	(768, 'Paso Viejo', 7),
	(769, 'Pilar', 7),
	(770, 'Pincén', 7),
	(771, 'Piquillín', 7),
	(772, 'Plaza de Mercedes', 7),
	(773, 'Plaza Luxardo', 7),
	(774, 'Porteña', 7),
	(775, 'Potrero de Garay', 7),
	(776, 'Pozo del Molle', 7),
	(777, 'Pozo Nuevo', 7),
	(778, 'Pueblo Italiano', 7),
	(779, 'Puesto de Castro', 7),
	(780, 'Punta del Agua', 7),
	(781, 'Quebracho Herrado', 7),
	(782, 'Quilino', 7),
	(783, 'Rafael García', 7),
	(784, 'Ranqueles', 7),
	(785, 'Rayo Cortado', 7),
	(786, 'Reducción', 7),
	(787, 'Rincón', 7),
	(788, 'Río Bamba', 7),
	(789, 'Río Ceballos', 7),
	(790, 'Río Cuarto', 7),
	(791, 'Río de Los Sauces', 7),
	(792, 'Río Primero', 7),
	(793, 'Río Segundo', 7),
	(794, 'Río Tercero', 7),
	(795, 'Rosales', 7),
	(796, 'Rosario del Saladillo', 7),
	(797, 'Sacanta', 7),
	(798, 'Sagrada Familia', 7),
	(799, 'Saira', 7),
	(800, 'Saladillo', 7),
	(801, 'Saldán', 7),
	(802, 'Salsacate', 7),
	(803, 'Salsipuedes', 7),
	(804, 'Sampacho', 7),
	(805, 'San Agustín', 7),
	(806, 'San Antonio de Arredondo', 7),
	(807, 'San Antonio de Litín', 7),
	(808, 'San Basilio', 7),
	(809, 'San Carlos Minas', 7),
	(810, 'San Clemente', 7),
	(811, 'San Esteban', 7),
	(812, 'San Francisco', 7),
	(813, 'San Ignacio', 7),
	(814, 'San Javier', 7),
	(815, 'San Jerónimo', 7),
	(816, 'San Joaquín', 7),
	(817, 'San José de La Dormida', 7),
	(818, 'San José de Las Salinas', 7),
	(819, 'San Lorenzo', 7),
	(820, 'San Marcos Sierras', 7),
	(821, 'San Marcos Sud', 7),
	(822, 'San Pedro', 7),
	(823, 'San Pedro N.', 7),
	(824, 'San Roque', 7),
	(825, 'San Vicente', 7),
	(826, 'Santa Catalina', 7),
	(827, 'Santa Elena', 7),
	(828, 'Santa Eufemia', 7),
	(829, 'Santa Maria', 7),
	(830, 'Sarmiento', 7),
	(831, 'Saturnino M.Laspiur', 7),
	(832, 'Sauce Arriba', 7),
	(833, 'Sebastián Elcano', 7),
	(834, 'Seeber', 7),
	(835, 'Segunda Usina', 7),
	(836, 'Serrano', 7),
	(837, 'Serrezuela', 7),
	(838, 'Sgo. Temple', 7),
	(839, 'Silvio Pellico', 7),
	(840, 'Simbolar', 7),
	(841, 'Sinsacate', 7),
	(842, 'Sta. Rosa de Calamuchita', 7),
	(843, 'Sta. Rosa de Río Primero', 7),
	(844, 'Suco', 7),
	(845, 'Tala Cañada', 7),
	(846, 'Tala Huasi', 7),
	(847, 'Talaini', 7),
	(848, 'Tancacha', 7),
	(849, 'Tanti', 7),
	(850, 'Ticino', 7),
	(851, 'Tinoco', 7),
	(852, 'Tío Pujio', 7),
	(853, 'Toledo', 7),
	(854, 'Toro Pujio', 7),
	(855, 'Tosno', 7),
	(856, 'Tosquita', 7),
	(857, 'Tránsito', 7),
	(858, 'Tuclame', 7),
	(859, 'Tutti', 7),
	(860, 'Ucacha', 7),
	(861, 'Unquillo', 7),
	(862, 'Valle de Anisacate', 7),
	(863, 'Valle Hermoso', 7),
	(864, 'Vélez Sarfield', 7),
	(865, 'Viamonte', 7),
	(866, 'Vicuña Mackenna', 7),
	(867, 'Villa Allende', 7),
	(868, 'Villa Amancay', 7),
	(869, 'Villa Ascasubi', 7),
	(870, 'Villa Candelaria N.', 7),
	(871, 'Villa Carlos Paz', 7),
	(872, 'Villa Cerro Azul', 7),
	(873, 'Villa Ciudad de América', 7),
	(874, 'Villa Ciudad Pque Los Reartes', 7),
	(875, 'Villa Concepción del Tío', 7),
	(876, 'Villa Cura Brochero', 7),
	(877, 'Villa de Las Rosas', 7),
	(878, 'Villa de María', 7),
	(879, 'Villa de Pocho', 7),
	(880, 'Villa de Soto', 7),
	(881, 'Villa del Dique', 7),
	(882, 'Villa del Prado', 7),
	(883, 'Villa del Rosario', 7),
	(884, 'Villa del Totoral', 7),
	(885, 'Villa Dolores', 7),
	(886, 'Villa El Chancay', 7),
	(887, 'Villa Elisa', 7),
	(888, 'Villa Flor Serrana', 7),
	(889, 'Villa Fontana', 7),
	(890, 'Villa Giardino', 7),
	(891, 'Villa Gral. Belgrano', 7),
	(892, 'Villa Gutierrez', 7),
	(893, 'Villa Huidobro', 7),
	(894, 'Villa La Bolsa', 7),
	(895, 'Villa Los Aromos', 7),
	(896, 'Villa Los Patos', 7),
	(897, 'Villa María', 7),
	(898, 'Villa Nueva', 7),
	(899, 'Villa Pque. Santa Ana', 7),
	(900, 'Villa Pque. Siquiman', 7),
	(901, 'Villa Quillinzo', 7),
	(902, 'Villa Rossi', 7),
	(903, 'Villa Rumipal', 7),
	(904, 'Villa San Esteban', 7),
	(905, 'Villa San Isidro', 7),
	(906, 'Villa 21', 7),
	(907, 'Villa Sarmiento (G.R)', 7),
	(908, 'Villa Sarmiento (S.A)', 7),
	(909, 'Villa Tulumba', 7),
	(910, 'Villa Valeria', 7),
	(911, 'Villa Yacanto', 7),
	(912, 'Washington', 7),
	(913, 'Wenceslao Escalante', 7),
	(914, 'Ycho Cruz Sierras', 7),
	(915, 'Alvear', 8),
	(916, 'Bella Vista', 8),
	(917, 'Berón de Astrada', 8),
	(918, 'Bonpland', 8),
	(919, 'Caá Cati', 8),
	(920, 'Capital', 8),
	(921, 'Chavarría', 8),
	(922, 'Col. C. Pellegrini', 8),
	(923, 'Col. Libertad', 8),
	(924, 'Col. Liebig', 8),
	(925, 'Col. Sta Rosa', 8),
	(926, 'Concepción', 8),
	(927, 'Cruz de Los Milagros', 8),
	(928, 'Curuzú-Cuatiá', 8),
	(929, 'Empedrado', 8),
	(930, 'Esquina', 8),
	(931, 'Estación Torrent', 8),
	(932, 'Felipe Yofré', 8),
	(933, 'Garruchos', 8),
	(934, 'Gdor. Agrónomo', 8),
	(935, 'Gdor. Martínez', 8),
	(936, 'Goya', 8),
	(937, 'Guaviravi', 8),
	(938, 'Herlitzka', 8),
	(939, 'Ita-Ibate', 8),
	(940, 'Itatí', 8),
	(941, 'Ituzaingó', 8),
	(942, 'José Rafael Gómez', 8),
	(943, 'Juan Pujol', 8),
	(944, 'La Cruz', 8),
	(945, 'Lavalle', 8),
	(946, 'Lomas de Vallejos', 8),
	(947, 'Loreto', 8),
	(948, 'Mariano I. Loza', 8),
	(949, 'Mburucuyá', 8),
	(950, 'Mercedes', 8),
	(951, 'Mocoretá', 8),
	(952, 'Mte. Caseros', 8),
	(953, 'Nueve de Julio', 8),
	(954, 'Palmar Grande', 8),
	(955, 'Parada Pucheta', 8),
	(956, 'Paso de La Patria', 8),
	(957, 'Paso de Los Libres', 8),
	(958, 'Pedro R. Fernandez', 8),
	(959, 'Perugorría', 8),
	(960, 'Pueblo Libertador', 8),
	(961, 'Ramada Paso', 8),
	(962, 'Riachuelo', 8),
	(963, 'Saladas', 8),
	(964, 'San Antonio', 8),
	(965, 'San Carlos', 8),
	(966, 'San Cosme', 8),
	(967, 'San Lorenzo', 8),
	(968, '20 del Palmar', 8),
	(969, 'San Miguel', 8),
	(970, 'San Roque', 8),
	(971, 'Santa Ana', 8),
	(972, 'Santa Lucía', 8),
	(973, 'Santo Tomé', 8),
	(974, 'Sauce', 8),
	(975, 'Tabay', 8),
	(976, 'Tapebicuá', 8),
	(977, 'Tatacua', 8),
	(978, 'Virasoro', 8),
	(979, 'Yapeyú', 8),
	(980, 'Yataití Calle', 8),
	(981, 'Alarcón', 9),
	(982, 'Alcaraz', 9),
	(983, 'Alcaraz N.', 9),
	(984, 'Alcaraz S.', 9),
	(985, 'Aldea Asunción', 9),
	(986, 'Aldea Brasilera', 9),
	(987, 'Aldea Elgenfeld', 9),
	(988, 'Aldea Grapschental', 9),
	(989, 'Aldea Ma. Luisa', 9),
	(990, 'Aldea Protestante', 9),
	(991, 'Aldea Salto', 9),
	(992, 'Aldea San Antonio (G)', 9),
	(993, 'Aldea San Antonio (P)', 9),
	(994, 'Aldea 19', 9),
	(995, 'Aldea San Miguel', 9),
	(996, 'Aldea San Rafael', 9),
	(997, 'Aldea Spatzenkutter', 9),
	(998, 'Aldea Sta. María', 9),
	(999, 'Aldea Sta. Rosa', 9),
	(1000, 'Aldea Valle María', 9),
	(1001, 'Altamirano Sur', 9),
	(1002, 'Antelo', 9),
	(1003, 'Antonio Tomás', 9),
	(1004, 'Aranguren', 9),
	(1005, 'Arroyo Barú', 9),
	(1006, 'Arroyo Burgos', 9),
	(1007, 'Arroyo Clé', 9),
	(1008, 'Arroyo Corralito', 9),
	(1009, 'Arroyo del Medio', 9),
	(1010, 'Arroyo Maturrango', 9),
	(1011, 'Arroyo Palo Seco', 9),
	(1012, 'Banderas', 9),
	(1013, 'Basavilbaso', 9),
	(1014, 'Betbeder', 9),
	(1015, 'Bovril', 9),
	(1016, 'Caseros', 9),
	(1017, 'Ceibas', 9),
	(1018, 'Cerrito', 9),
	(1019, 'Chajarí', 9),
	(1020, 'Chilcas', 9),
	(1021, 'Clodomiro Ledesma', 9),
	(1022, 'Col. Alemana', 9),
	(1023, 'Col. Avellaneda', 9),
	(1024, 'Col. Avigdor', 9),
	(1025, 'Col. Ayuí', 9),
	(1026, 'Col. Baylina', 9),
	(1027, 'Col. Carrasco', 9),
	(1028, 'Col. Celina', 9),
	(1029, 'Col. Cerrito', 9),
	(1030, 'Col. Crespo', 9),
	(1031, 'Col. Elia', 9),
	(1032, 'Col. Ensayo', 9),
	(1033, 'Col. Gral. Roca', 9),
	(1034, 'Col. La Argentina', 9),
	(1035, 'Col. Merou', 9),
	(1036, 'Col. Oficial Nª3', 9),
	(1037, 'Col. Oficial Nº13', 9),
	(1038, 'Col. Oficial Nº14', 9),
	(1039, 'Col. Oficial Nº5', 9),
	(1040, 'Col. Reffino', 9),
	(1041, 'Col. Tunas', 9),
	(1042, 'Col. Viraró', 9),
	(1043, 'Colón', 9),
	(1044, 'Concepción del Uruguay', 9),
	(1045, 'Concordia', 9),
	(1046, 'Conscripto Bernardi', 9),
	(1047, 'Costa Grande', 9),
	(1048, 'Costa San Antonio', 9),
	(1049, 'Costa Uruguay N.', 9),
	(1050, 'Costa Uruguay S.', 9),
	(1051, 'Crespo', 9),
	(1052, 'Crucecitas 3ª', 9),
	(1053, 'Crucecitas 7ª', 9),
	(1054, 'Crucecitas 8ª', 9),
	(1055, 'Cuchilla Redonda', 9),
	(1056, 'Curtiembre', 9),
	(1057, 'Diamante', 9),
	(1058, 'Distrito 6º', 9),
	(1059, 'Distrito Chañar', 9),
	(1060, 'Distrito Chiqueros', 9),
	(1061, 'Distrito Cuarto', 9),
	(1062, 'Distrito Diego López', 9),
	(1063, 'Distrito Pajonal', 9),
	(1064, 'Distrito Sauce', 9),
	(1065, 'Distrito Tala', 9),
	(1066, 'Distrito Talitas', 9),
	(1067, 'Don Cristóbal 1ª Sección', 9),
	(1068, 'Don Cristóbal 2ª Sección', 9),
	(1069, 'Durazno', 9),
	(1070, 'El Cimarrón', 9),
	(1071, 'El Gramillal', 9),
	(1072, 'El Palenque', 9),
	(1073, 'El Pingo', 9),
	(1074, 'El Quebracho', 9),
	(1075, 'El Redomón', 9),
	(1076, 'El Solar', 9),
	(1077, 'Enrique Carbo', 9),
	(1078, '9', 9),
	(1079, 'Espinillo N.', 9),
	(1080, 'Estación Campos', 9),
	(1081, 'Estación Escriña', 9),
	(1082, 'Estación Lazo', 9),
	(1083, 'Estación Raíces', 9),
	(1084, 'Estación Yerúa', 9),
	(1085, 'Estancia Grande', 9),
	(1086, 'Estancia Líbaros', 9),
	(1087, 'Estancia Racedo', 9),
	(1088, 'Estancia Solá', 9),
	(1089, 'Estancia Yuquerí', 9),
	(1090, 'Estaquitas', 9),
	(1091, 'Faustino M. Parera', 9),
	(1092, 'Febre', 9),
	(1093, 'Federación', 9),
	(1094, 'Federal', 9),
	(1095, 'Gdor. Echagüe', 9),
	(1096, 'Gdor. Mansilla', 9),
	(1097, 'Gilbert', 9),
	(1098, 'González Calderón', 9),
	(1099, 'Gral. Almada', 9),
	(1100, 'Gral. Alvear', 9),
	(1101, 'Gral. Campos', 9),
	(1102, 'Gral. Galarza', 9),
	(1103, 'Gral. Ramírez', 9),
	(1104, 'Gualeguay', 9),
	(1105, 'Gualeguaychú', 9),
	(1106, 'Gualeguaycito', 9),
	(1107, 'Guardamonte', 9),
	(1108, 'Hambis', 9),
	(1109, 'Hasenkamp', 9),
	(1110, 'Hernandarias', 9),
	(1111, 'Hernández', 9),
	(1112, 'Herrera', 9),
	(1113, 'Hinojal', 9),
	(1114, 'Hocker', 9),
	(1115, 'Ing. Sajaroff', 9),
	(1116, 'Irazusta', 9),
	(1117, 'Isletas', 9),
	(1118, 'J.J De Urquiza', 9),
	(1119, 'Jubileo', 9),
	(1120, 'La Clarita', 9),
	(1121, 'La Criolla', 9),
	(1122, 'La Esmeralda', 9),
	(1123, 'La Florida', 9),
	(1124, 'La Fraternidad', 9),
	(1125, 'La Hierra', 9),
	(1126, 'La Ollita', 9),
	(1127, 'La Paz', 9),
	(1128, 'La Picada', 9),
	(1129, 'La Providencia', 9),
	(1130, 'La Verbena', 9),
	(1131, 'Laguna Benítez', 9),
	(1132, 'Larroque', 9),
	(1133, 'Las Cuevas', 9),
	(1134, 'Las Garzas', 9),
	(1135, 'Las Guachas', 9),
	(1136, 'Las Mercedes', 9),
	(1137, 'Las Moscas', 9),
	(1138, 'Las Mulitas', 9),
	(1139, 'Las Toscas', 9),
	(1140, 'Laurencena', 9),
	(1141, 'Libertador San Martín', 9),
	(1142, 'Loma Limpia', 9),
	(1143, 'Los Ceibos', 9),
	(1144, 'Los Charruas', 9),
	(1145, 'Los Conquistadores', 9),
	(1146, 'Lucas González', 9),
	(1147, 'Lucas N.', 9),
	(1148, 'Lucas S. 1ª', 9),
	(1149, 'Lucas S. 2ª', 9),
	(1150, 'Maciá', 9),
	(1151, 'María Grande', 9),
	(1152, 'María Grande 2ª', 9),
	(1153, 'Médanos', 9),
	(1154, 'Mojones N.', 9),
	(1155, 'Mojones S.', 9),
	(1156, 'Molino Doll', 9),
	(1157, 'Monte Redondo', 9),
	(1158, 'Montoya', 9),
	(1159, 'Mulas Grandes', 9),
	(1160, 'Ñancay', 9),
	(1161, 'Nogoyá', 9),
	(1162, 'Nueva Escocia', 9),
	(1163, 'Nueva Vizcaya', 9),
	(1164, 'Ombú', 9),
	(1165, 'Oro Verde', 9),
	(1166, 'Paraná', 9),
	(1167, 'Pasaje Guayaquil', 9),
	(1168, 'Pasaje Las Tunas', 9),
	(1169, 'Paso de La Arena', 9),
	(1170, 'Paso de La Laguna', 9),
	(1171, 'Paso de Las Piedras', 9),
	(1172, 'Paso Duarte', 9),
	(1173, 'Pastor Britos', 9),
	(1174, 'Pedernal', 9),
	(1175, 'Perdices', 9),
	(1176, 'Picada Berón', 9),
	(1177, 'Piedras Blancas', 9),
	(1178, 'Primer Distrito Cuchilla', 9),
	(1179, 'Primero de Mayo', 9),
	(1180, 'Pronunciamiento', 9),
	(1181, 'Pto. Algarrobo', 9),
	(1182, 'Pto. Ibicuy', 9),
	(1183, 'Pueblo Brugo', 9),
	(1184, 'Pueblo Cazes', 9),
	(1185, 'Pueblo Gral. Belgrano', 9),
	(1186, 'Pueblo Liebig', 9),
	(1187, 'Puerto Yeruá', 9),
	(1188, 'Punta del Monte', 9),
	(1189, 'Quebracho', 9),
	(1190, 'Quinto Distrito', 9),
	(1191, 'Raices Oeste', 9),
	(1192, 'Rincón de Nogoyá', 9),
	(1193, 'Rincón del Cinto', 9),
	(1194, 'Rincón del Doll', 9),
	(1195, 'Rincón del Gato', 9),
	(1196, 'Rocamora', 9),
	(1197, 'Rosario del Tala', 9),
	(1198, 'San Benito', 9),
	(1199, 'San Cipriano', 9),
	(1200, 'San Ernesto', 9),
	(1201, 'San Gustavo', 9),
	(1202, 'San Jaime', 9),
	(1203, 'San José', 9),
	(1204, 'San José de Feliciano', 9),
	(1205, 'San Justo', 9),
	(1206, 'San Marcial', 9),
	(1207, 'San Pedro', 9),
	(1208, 'San Ramírez', 9),
	(1209, 'San Ramón', 9),
	(1210, 'San Roque', 9),
	(1211, 'San Salvador', 9),
	(1212, 'San Víctor', 9),
	(1213, 'Santa Ana', 9),
	(1214, 'Santa Anita', 9),
	(1215, 'Santa Elena', 9),
	(1216, 'Santa Lucía', 9),
	(1217, 'Santa Luisa', 9),
	(1218, 'Sauce de Luna', 9),
	(1219, 'Sauce Montrull', 9),
	(1220, 'Sauce Pinto', 9),
	(1221, 'Sauce Sur', 9),
	(1222, 'Seguí', 9),
	(1223, 'Sir Leonard', 9),
	(1224, 'Sosa', 9),
	(1225, 'Tabossi', 9),
	(1226, 'Tezanos Pinto', 9),
	(1227, 'Ubajay', 9),
	(1228, 'Urdinarrain', 9),
	(1229, 'Veinte de Septiembre', 9),
	(1230, 'Viale', 9),
	(1231, 'Victoria', 9),
	(1232, 'Villa Clara', 9),
	(1233, 'Villa del Rosario', 9),
	(1234, 'Villa Domínguez', 9),
	(1235, 'Villa Elisa', 9),
	(1236, 'Villa Fontana', 9),
	(1237, 'Villa Gdor. Etchevehere', 9),
	(1238, 'Villa Mantero', 9),
	(1239, 'Villa Paranacito', 9),
	(1240, 'Villa Urquiza', 9),
	(1241, 'Villaguay', 9),
	(1242, 'Walter Moss', 9),
	(1243, 'Yacaré', 9),
	(1244, 'Yeso Oeste', 9),
	(1245, 'Buena Vista', 10),
	(1246, 'Clorinda', 10),
	(1247, 'Col. Pastoril', 10),
	(1248, 'Cte. Fontana', 10),
	(1249, 'El Colorado', 10),
	(1250, 'El Espinillo', 10),
	(1251, 'Estanislao Del Campo', 10),
	(1252, '10', 10),
	(1253, 'Fortín Lugones', 10),
	(1254, 'Gral. Lucio V. Mansilla', 10),
	(1255, 'Gral. Manuel Belgrano', 10),
	(1256, 'Gral. Mosconi', 10),
	(1257, 'Gran Guardia', 10),
	(1258, 'Herradura', 10),
	(1259, 'Ibarreta', 10),
	(1260, 'Ing. Juárez', 10),
	(1261, 'Laguna Blanca', 10),
	(1262, 'Laguna Naick Neck', 10),
	(1263, 'Laguna Yema', 10),
	(1264, 'Las Lomitas', 10),
	(1265, 'Los Chiriguanos', 10),
	(1266, 'Mayor V. Villafañe', 10),
	(1267, 'Misión San Fco.', 10),
	(1268, 'Palo Santo', 10),
	(1269, 'Pirané', 10),
	(1270, 'Pozo del Maza', 10),
	(1271, 'Riacho He-He', 10),
	(1272, 'San Hilario', 10),
	(1273, 'San Martín II', 10),
	(1274, 'Siete Palmas', 10),
	(1275, 'Subteniente Perín', 10),
	(1276, 'Tres Lagunas', 10),
	(1277, 'Villa Dos Trece', 10),
	(1278, 'Villa Escolar', 10),
	(1279, 'Villa Gral. Güemes', 10),
	(1280, 'Abdon Castro Tolay', 11),
	(1281, 'Abra Pampa', 11),
	(1282, 'Abralaite', 11),
	(1283, 'Aguas Calientes', 11),
	(1284, 'Arrayanal', 11),
	(1285, 'Barrios', 11),
	(1286, 'Caimancito', 11),
	(1287, 'Calilegua', 11),
	(1288, 'Cangrejillos', 11),
	(1289, 'Caspala', 11),
	(1290, 'Catuá', 11),
	(1291, 'Cieneguillas', 11),
	(1292, 'Coranzulli', 11),
	(1293, 'Cusi-Cusi', 11),
	(1294, 'El Aguilar', 11),
	(1295, 'El Carmen', 11),
	(1296, 'El Cóndor', 11),
	(1297, 'El Fuerte', 11),
	(1298, 'El Piquete', 11),
	(1299, 'El Talar', 11),
	(1300, 'Fraile Pintado', 11),
	(1301, 'Hipólito Yrigoyen', 11),
	(1302, 'Huacalera', 11),
	(1303, 'Humahuaca', 11),
	(1304, 'La Esperanza', 11),
	(1305, 'La Mendieta', 11),
	(1306, 'La Quiaca', 11),
	(1307, 'Ledesma', 11),
	(1308, 'Libertador Gral. San Martin', 11),
	(1309, 'Maimara', 11),
	(1310, 'Mina Pirquitas', 11),
	(1311, 'Monterrico', 11),
	(1312, 'Palma Sola', 11),
	(1313, 'Palpalá', 11),
	(1314, 'Pampa Blanca', 11),
	(1315, 'Pampichuela', 11),
	(1316, 'Perico', 11),
	(1317, 'Puesto del Marqués', 11),
	(1318, 'Puesto Viejo', 11),
	(1319, 'Pumahuasi', 11),
	(1320, 'Purmamarca', 11),
	(1321, 'Rinconada', 11),
	(1322, 'Rodeitos', 11),
	(1323, 'Rosario de Río Grande', 11),
	(1324, 'San Antonio', 11),
	(1325, 'San Francisco', 11),
	(1326, 'San Pedro', 11),
	(1327, 'San Rafael', 11),
	(1328, 'San Salvador', 11),
	(1329, 'Santa Ana', 11),
	(1330, 'Santa Catalina', 11),
	(1331, 'Santa Clara', 11),
	(1332, 'Susques', 11),
	(1333, 'Tilcara', 11),
	(1334, 'Tres Cruces', 11),
	(1335, 'Tumbaya', 11),
	(1336, 'Valle Grande', 11),
	(1337, 'Vinalito', 11),
	(1338, 'Volcán', 11),
	(1339, 'Yala', 11),
	(1340, 'Yaví', 11),
	(1341, 'Yuto', 11),
	(1342, 'Abramo', 12),
	(1343, 'Adolfo Van Praet', 12),
	(1344, 'Agustoni', 12),
	(1345, 'Algarrobo del Aguila', 12),
	(1346, 'Alpachiri', 12),
	(1347, 'Alta Italia', 12),
	(1348, 'Anguil', 12),
	(1349, 'Arata', 12),
	(1350, 'Ataliva Roca', 12),
	(1351, 'Bernardo Larroude', 12),
	(1352, 'Bernasconi', 12),
	(1353, 'Caleufú', 12),
	(1354, 'Carro Quemado', 12),
	(1355, 'Catriló', 12),
	(1356, 'Ceballos', 12),
	(1357, 'Chacharramendi', 12),
	(1358, 'Col. Barón', 12),
	(1359, 'Col. Santa María', 12),
	(1360, 'Conhelo', 12),
	(1361, 'Coronel Hilario Lagos', 12),
	(1362, 'Cuchillo-Có', 12),
	(1363, 'Doblas', 12),
	(1364, 'Dorila', 12),
	(1365, 'Eduardo Castex', 12),
	(1366, 'Embajador Martini', 12),
	(1367, 'Falucho', 12),
	(1368, 'Gral. Acha', 12),
	(1369, 'Gral. Manuel Campos', 12),
	(1370, 'Gral. Pico', 12),
	(1371, 'Guatraché', 12),
	(1372, 'Ing. Luiggi', 12),
	(1373, 'Intendente Alvear', 12),
	(1374, 'Jacinto Arauz', 12),
	(1375, 'La Adela', 12),
	(1376, 'La Humada', 12),
	(1377, 'La Maruja', 12),
	(1378, '12', 12),
	(1379, 'La Reforma', 12),
	(1380, 'Limay Mahuida', 12),
	(1381, 'Lonquimay', 12),
	(1382, 'Loventuel', 12),
	(1383, 'Luan Toro', 12),
	(1384, 'Macachín', 12),
	(1385, 'Maisonnave', 12),
	(1386, 'Mauricio Mayer', 12),
	(1387, 'Metileo', 12),
	(1388, 'Miguel Cané', 12),
	(1389, 'Miguel Riglos', 12),
	(1390, 'Monte Nievas', 12),
	(1391, 'Parera', 12),
	(1392, 'Perú', 12),
	(1393, 'Pichi-Huinca', 12),
	(1394, 'Puelches', 12),
	(1395, 'Puelén', 12),
	(1396, 'Quehue', 12),
	(1397, 'Quemú Quemú', 12),
	(1398, 'Quetrequén', 12),
	(1399, 'Rancul', 12),
	(1400, 'Realicó', 12),
	(1401, 'Relmo', 12),
	(1402, 'Rolón', 12),
	(1403, 'Rucanelo', 12),
	(1404, 'Sarah', 12),
	(1405, 'Speluzzi', 12),
	(1406, 'Sta. Isabel', 12),
	(1407, 'Sta. Rosa', 12),
	(1408, 'Sta. Teresa', 12),
	(1409, 'Telén', 12),
	(1410, 'Toay', 12),
	(1411, 'Tomas M. de Anchorena', 12),
	(1412, 'Trenel', 12),
	(1413, 'Unanue', 12),
	(1414, 'Uriburu', 12),
	(1415, 'Veinticinco de Mayo', 12),
	(1416, 'Vertiz', 12),
	(1417, 'Victorica', 12),
	(1418, 'Villa Mirasol', 12),
	(1419, 'Winifreda', 12),
	(1420, 'Arauco', 13),
	(1421, 'Capital', 13),
	(1422, 'Castro Barros', 13),
	(1423, 'Chamical', 13),
	(1424, 'Chilecito', 13),
	(1425, 'Coronel F. Varela', 13),
	(1426, 'Famatina', 13),
	(1427, 'Gral. A.V.Peñaloza', 13),
	(1428, 'Gral. Belgrano', 13),
	(1429, 'Gral. J.F. Quiroga', 13),
	(1430, 'Gral. Lamadrid', 13),
	(1431, 'Gral. Ocampo', 13),
	(1432, 'Gral. San Martín', 13),
	(1433, 'Independencia', 13),
	(1434, 'Rosario Penaloza', 13),
	(1435, 'San Blas de Los Sauces', 13),
	(1436, 'Sanagasta', 13),
	(1437, 'Vinchina', 13),
	(1438, 'Capital', 14),
	(1439, 'Chacras de Coria', 14),
	(1440, 'Dorrego', 14),
	(1441, 'Gllen', 14),
	(1442, 'Godoy Cruz', 14),
	(1443, 'Gral. Alvear', 14),
	(1444, 'Guaymallén', 14),
	(1445, 'Junín', 14),
	(1446, 'La Paz', 14),
	(1447, 'Las Heras', 14),
	(1448, 'Lavalle', 14),
	(1449, 'Luján', 14),
	(1450, 'Luján De Cuyo', 14),
	(1451, 'Maipú', 14),
	(1452, 'Malargüe', 14),
	(1453, 'Rivadavia', 14),
	(1454, 'San Carlos', 14),
	(1455, 'San Martín', 14),
	(1456, 'San Rafael', 14),
	(1457, 'Sta. Rosa', 14),
	(1458, 'Tunuyán', 14),
	(1459, 'Tupungato', 14),
	(1460, 'Villa Nueva', 14),
	(1461, 'Alba Posse', 15),
	(1462, 'Almafuerte', 15),
	(1463, 'Apóstoles', 15),
	(1464, 'Aristóbulo Del Valle', 15),
	(1465, 'Arroyo Del Medio', 15),
	(1466, 'Azara', 15),
	(1467, 'Bdo. De Irigoyen', 15),
	(1468, 'Bonpland', 15),
	(1469, 'Caá Yari', 15),
	(1470, 'Campo Grande', 15),
	(1471, 'Campo Ramón', 15),
	(1472, 'Campo Viera', 15),
	(1473, 'Candelaria', 15),
	(1474, 'Capioví', 15),
	(1475, 'Caraguatay', 15),
	(1476, 'Cdte. Guacurarí', 15),
	(1477, 'Cerro Azul', 15),
	(1478, 'Cerro Corá', 15),
	(1479, 'Col. Alberdi', 15),
	(1480, 'Col. Aurora', 15),
	(1481, 'Col. Delicia', 15),
	(1482, 'Col. Polana', 15),
	(1483, 'Col. Victoria', 15),
	(1484, 'Col. Wanda', 15),
	(1485, 'Concepción De La Sierra', 15),
	(1486, 'Corpus', 15),
	(1487, 'Dos Arroyos', 15),
	(1488, 'Dos de Mayo', 15),
	(1489, 'El Alcázar', 15),
	(1490, 'El Dorado', 15),
	(1491, 'El Soberbio', 15),
	(1492, 'Esperanza', 15),
	(1493, 'F. Ameghino', 15),
	(1494, 'Fachinal', 15),
	(1495, 'Garuhapé', 15),
	(1496, 'Garupá', 15),
	(1497, 'Gdor. López', 15),
	(1498, 'Gdor. Roca', 15),
	(1499, 'Gral. Alvear', 15),
	(1500, 'Gral. Urquiza', 15),
	(1501, 'Guaraní', 15),
	(1502, 'H. Yrigoyen', 15),
	(1503, 'Iguazú', 15),
	(1504, 'Itacaruaré', 15),
	(1505, 'Jardín América', 15),
	(1506, 'Leandro N. Alem', 15),
	(1507, 'Libertad', 15),
	(1508, 'Loreto', 15),
	(1509, 'Los Helechos', 15),
	(1510, 'Mártires', 15),
	(1511, '15', 15),
	(1512, 'Mojón Grande', 15),
	(1513, 'Montecarlo', 15),
	(1514, 'Nueve de Julio', 15),
	(1515, 'Oberá', 15),
	(1516, 'Olegario V. Andrade', 15),
	(1517, 'Panambí', 15),
	(1518, 'Posadas', 15),
	(1519, 'Profundidad', 15),
	(1520, 'Pto. Iguazú', 15),
	(1521, 'Pto. Leoni', 15),
	(1522, 'Pto. Piray', 15),
	(1523, 'Pto. Rico', 15),
	(1524, 'Ruiz de Montoya', 15),
	(1525, 'San Antonio', 15),
	(1526, 'San Ignacio', 15),
	(1527, 'San Javier', 15),
	(1528, 'San José', 15),
	(1529, 'San Martín', 15),
	(1530, 'San Pedro', 15),
	(1531, 'San Vicente', 15),
	(1532, 'Santiago De Liniers', 15),
	(1533, 'Santo Pipo', 15),
	(1534, 'Sta. Ana', 15),
	(1535, 'Sta. María', 15),
	(1536, 'Tres Capones', 15),
	(1537, 'Veinticinco de Mayo', 15),
	(1538, 'Wanda', 15),
	(1539, 'Aguada San Roque', 16),
	(1540, 'Aluminé', 16),
	(1541, 'Andacollo', 16),
	(1542, 'Añelo', 16),
	(1543, 'Bajada del Agrio', 16),
	(1544, 'Barrancas', 16),
	(1545, 'Buta Ranquil', 16),
	(1546, 'Capital', 16),
	(1547, 'Caviahué', 16),
	(1548, 'Centenario', 16),
	(1549, 'Chorriaca', 16),
	(1550, 'Chos Malal', 16),
	(1551, 'Cipolletti', 16),
	(1552, 'Covunco Abajo', 16),
	(1553, 'Coyuco Cochico', 16),
	(1554, 'Cutral Có', 16),
	(1555, 'El Cholar', 16),
	(1556, 'El Huecú', 16),
	(1557, 'El Sauce', 16),
	(1558, 'Guañacos', 16),
	(1559, 'Huinganco', 16),
	(1560, 'Las Coloradas', 16),
	(1561, 'Las Lajas', 16),
	(1562, 'Las Ovejas', 16),
	(1563, 'Loncopué', 16),
	(1564, 'Los Catutos', 16),
	(1565, 'Los Chihuidos', 16),
	(1566, 'Los Miches', 16),
	(1567, 'Manzano Amargo', 16),
	(1568, '16', 16),
	(1569, 'Octavio Pico', 16),
	(1570, 'Paso Aguerre', 16),
	(1571, 'Picún Leufú', 16),
	(1572, 'Piedra del Aguila', 16),
	(1573, 'Pilo Lil', 16),
	(1574, 'Plaza Huincul', 16),
	(1575, 'Plottier', 16),
	(1576, 'Quili Malal', 16),
	(1577, 'Ramón Castro', 16),
	(1578, 'Rincón de Los Sauces', 16),
	(1579, 'San Martín de Los Andes', 16),
	(1580, 'San Patricio del Chañar', 16),
	(1581, 'Santo Tomás', 16),
	(1582, 'Sauzal Bonito', 16),
	(1583, 'Senillosa', 16),
	(1584, 'Taquimilán', 16),
	(1585, 'Tricao Malal', 16),
	(1586, 'Varvarco', 16),
	(1587, 'Villa Curí Leuvu', 16),
	(1588, 'Villa del Nahueve', 16),
	(1589, 'Villa del Puente Picún Leuvú', 16),
	(1590, 'Villa El Chocón', 16),
	(1591, 'Villa La Angostura', 16),
	(1592, 'Villa Pehuenia', 16),
	(1593, 'Villa Traful', 16),
	(1594, 'Vista Alegre', 16),
	(1595, 'Zapala', 16),
	(1596, 'Aguada Cecilio', 17),
	(1597, 'Aguada de Guerra', 17),
	(1598, 'Allén', 17),
	(1599, 'Arroyo de La Ventana', 17),
	(1600, 'Arroyo Los Berros', 17),
	(1601, 'Bariloche', 17),
	(1602, 'Calte. Cordero', 17),
	(1603, 'Campo Grande', 17),
	(1604, 'Catriel', 17),
	(1605, 'Cerro Policía', 17),
	(1606, 'Cervantes', 17),
	(1607, 'Chelforo', 17),
	(1608, 'Chimpay', 17),
	(1609, 'Chinchinales', 17),
	(1610, 'Chipauquil', 17),
	(1611, 'Choele Choel', 17),
	(1612, 'Cinco Saltos', 17),
	(1613, 'Cipolletti', 17),
	(1614, 'Clemente Onelli', 17),
	(1615, 'Colán Conhue', 17),
	(1616, 'Comallo', 17),
	(1617, 'Comicó', 17),
	(1618, 'Cona Niyeu', 17),
	(1619, 'Coronel Belisle', 17),
	(1620, 'Cubanea', 17),
	(1621, 'Darwin', 17),
	(1622, 'Dina Huapi', 17),
	(1623, 'El Bolsón', 17),
	(1624, 'El Caín', 17),
	(1625, 'El Manso', 17),
	(1626, 'Gral. Conesa', 17),
	(1627, 'Gral. Enrique Godoy', 17),
	(1628, 'Gral. Fernandez Oro', 17),
	(1629, 'Gral. Roca', 17),
	(1630, 'Guardia Mitre', 17),
	(1631, 'Ing. Huergo', 17),
	(1632, 'Ing. Jacobacci', 17),
	(1633, 'Laguna Blanca', 17),
	(1634, 'Lamarque', 17),
	(1635, 'Las Grutas', 17),
	(1636, 'Los Menucos', 17),
	(1637, 'Luis Beltrán', 17),
	(1638, 'Mainqué', 17),
	(1639, 'Mamuel Choique', 17),
	(1640, 'Maquinchao', 17),
	(1641, 'Mencué', 17),
	(1642, 'Mtro. Ramos Mexia', 17),
	(1643, 'Nahuel Niyeu', 17),
	(1644, 'Naupa Huen', 17),
	(1645, 'Ñorquinco', 17),
	(1646, 'Ojos de Agua', 17),
	(1647, 'Paso de Agua', 17),
	(1648, 'Paso Flores', 17),
	(1649, 'Peñas Blancas', 17),
	(1650, 'Pichi Mahuida', 17),
	(1651, 'Pilcaniyeu', 17),
	(1652, 'Pomona', 17),
	(1653, 'Prahuaniyeu', 17),
	(1654, 'Rincón Treneta', 17),
	(1655, 'Río Chico', 17),
	(1656, 'Río Colorado', 17),
	(1657, 'Roca', 17),
	(1658, 'San Antonio Oeste', 17),
	(1659, 'San Javier', 17),
	(1660, 'Sierra Colorada', 17),
	(1661, 'Sierra Grande', 17),
	(1662, 'Sierra Pailemán', 17),
	(1663, 'Valcheta', 17),
	(1664, 'Valle Azul', 17),
	(1665, 'Viedma', 17),
	(1666, 'Villa Llanquín', 17),
	(1667, 'Villa Mascardi', 17),
	(1668, 'Villa Regina', 17),
	(1669, 'Yaminué', 17),
	(1670, 'A. Saravia', 18),
	(1671, 'Aguaray', 18),
	(1672, 'Angastaco', 18),
	(1673, 'Animaná', 18),
	(1674, 'Cachi', 18),
	(1675, 'Cafayate', 18),
	(1676, 'Campo Quijano', 18),
	(1677, 'Campo Santo', 18),
	(1678, 'Capital', 18),
	(1679, 'Cerrillos', 18),
	(1680, 'Chicoana', 18),
	(1681, 'Col. Sta. Rosa', 18),
	(1682, 'Coronel Moldes', 18),
	(1683, 'El Bordo', 18),
	(1684, 'El Carril', 18),
	(1685, 'El Galpón', 18),
	(1686, 'El Jardín', 18),
	(1687, 'El Potrero', 18),
	(1688, 'El Quebrachal', 18),
	(1689, 'El Tala', 18),
	(1690, 'Embarcación', 18),
	(1691, 'Gral. Ballivian', 18),
	(1692, 'Gral. Güemes', 18),
	(1693, 'Gral. Mosconi', 18),
	(1694, 'Gral. Pizarro', 18),
	(1695, 'Guachipas', 18),
	(1696, 'Hipólito Yrigoyen', 18),
	(1697, 'Iruyá', 18),
	(1698, 'Isla De Cañas', 18),
	(1699, 'J. V. Gonzalez', 18),
	(1700, 'La Caldera', 18),
	(1701, 'La Candelaria', 18),
	(1702, 'La Merced', 18),
	(1703, 'La Poma', 18),
	(1704, 'La Viña', 18),
	(1705, 'Las Lajitas', 18),
	(1706, 'Los Toldos', 18),
	(1707, 'Metán', 18),
	(1708, 'Molinos', 18),
	(1709, 'Nazareno', 18),
	(1710, 'Orán', 18),
	(1711, 'Payogasta', 18),
	(1712, 'Pichanal', 18),
	(1713, 'Prof. S. Mazza', 18),
	(1714, 'Río Piedras', 18),
	(1715, 'Rivadavia Banda Norte', 18),
	(1716, 'Rivadavia Banda Sur', 18),
	(1717, 'Rosario de La Frontera', 18),
	(1718, 'Rosario de Lerma', 18),
	(1719, 'Saclantás', 18),
	(1720, '18', 18),
	(1721, 'San Antonio', 18),
	(1722, 'San Carlos', 18),
	(1723, 'San José De Metán', 18),
	(1724, 'San Ramón', 18),
	(1725, 'Santa Victoria E.', 18),
	(1726, 'Santa Victoria O.', 18),
	(1727, 'Tartagal', 18),
	(1728, 'Tolar Grande', 18),
	(1729, 'Urundel', 18),
	(1730, 'Vaqueros', 18),
	(1731, 'Villa San Lorenzo', 18),
	(1732, 'Albardón', 19),
	(1733, 'Angaco', 19),
	(1734, 'Calingasta', 19),
	(1735, 'Capital', 19),
	(1736, 'Caucete', 19),
	(1737, 'Chimbas', 19),
	(1738, 'Iglesia', 19),
	(1739, 'Jachal', 19),
	(1740, 'Nueve de Julio', 19),
	(1741, 'Pocito', 19),
	(1742, 'Rawson', 19),
	(1743, 'Rivadavia', 19),
	(1744, '19', 19),
	(1745, 'San Martín', 19),
	(1746, 'Santa Lucía', 19),
	(1747, 'Sarmiento', 19),
	(1748, 'Ullum', 19),
	(1749, 'Valle Fértil', 19),
	(1750, 'Veinticinco de Mayo', 19),
	(1751, 'Zonda', 19),
	(1752, 'Alto Pelado', 20),
	(1753, 'Alto Pencoso', 20),
	(1754, 'Anchorena', 20),
	(1755, 'Arizona', 20),
	(1756, 'Bagual', 20),
	(1757, 'Balde', 20),
	(1758, 'Batavia', 20),
	(1759, 'Beazley', 20),
	(1760, 'Buena Esperanza', 20),
	(1761, 'Candelaria', 20),
	(1762, 'Capital', 20),
	(1763, 'Carolina', 20),
	(1764, 'Carpintería', 20),
	(1765, 'Concarán', 20),
	(1766, 'Cortaderas', 20),
	(1767, 'El Morro', 20),
	(1768, 'El Trapiche', 20),
	(1769, 'El Volcán', 20),
	(1770, 'Fortín El Patria', 20),
	(1771, 'Fortuna', 20),
	(1772, 'Fraga', 20),
	(1773, 'Juan Jorba', 20),
	(1774, 'Juan Llerena', 20),
	(1775, 'Juana Koslay', 20),
	(1776, 'Justo Daract', 20),
	(1777, 'La Calera', 20),
	(1778, 'La Florida', 20),
	(1779, 'La Punilla', 20),
	(1780, 'La Toma', 20),
	(1781, 'Lafinur', 20),
	(1782, 'Las Aguadas', 20),
	(1783, 'Las Chacras', 20),
	(1784, 'Las Lagunas', 20),
	(1785, 'Las Vertientes', 20),
	(1786, 'Lavaisse', 20),
	(1787, 'Leandro N. Alem', 20),
	(1788, 'Los Molles', 20),
	(1789, 'Luján', 20),
	(1790, 'Mercedes', 20),
	(1791, 'Merlo', 20),
	(1792, 'Naschel', 20),
	(1793, 'Navia', 20),
	(1794, 'Nogolí', 20),
	(1795, 'Nueva Galia', 20),
	(1796, 'Papagayos', 20),
	(1797, 'Paso Grande', 20),
	(1798, 'Potrero de Los Funes', 20),
	(1799, 'Quines', 20),
	(1800, 'Renca', 20),
	(1801, 'Saladillo', 20),
	(1802, 'San Francisco', 20),
	(1803, 'San Gerónimo', 20),
	(1804, 'San Martín', 20),
	(1805, 'San Pablo', 20),
	(1806, 'Santa Rosa de Conlara', 20),
	(1807, 'Talita', 20),
	(1808, 'Tilisarao', 20),
	(1809, 'Unión', 20),
	(1810, 'Villa de La Quebrada', 20),
	(1811, 'Villa de Praga', 20),
	(1812, 'Villa del Carmen', 20),
	(1813, 'Villa Gral. Roca', 20),
	(1814, 'Villa Larca', 20),
	(1815, 'Villa Mercedes', 20),
	(1816, 'Zanjitas', 20),
	(1817, 'Calafate', 21),
	(1818, 'Caleta Olivia', 21),
	(1819, 'Cañadón Seco', 21),
	(1820, 'Comandante Piedrabuena', 21),
	(1821, 'El Calafate', 21),
	(1822, 'El Chaltén', 21),
	(1823, 'Gdor. Gregores', 21),
	(1824, 'Hipólito Yrigoyen', 21),
	(1825, 'Jaramillo', 21),
	(1826, 'Koluel Kaike', 21),
	(1827, 'Las Heras', 21),
	(1828, 'Los Antiguos', 21),
	(1829, 'Perito Moreno', 21),
	(1830, 'Pico Truncado', 21),
	(1831, 'Pto. Deseado', 21),
	(1832, 'Pto. San Julián', 21),
	(1833, 'Pto. 21', 21),
	(1834, 'Río Cuarto', 21),
	(1835, 'Río Gallegos', 21),
	(1836, 'Río Turbio', 21),
	(1837, 'Tres Lagos', 21),
	(1838, 'Veintiocho De Noviembre', 21),
	(1839, 'Aarón Castellanos', 22),
	(1840, 'Acebal', 22),
	(1841, 'Aguará Grande', 22),
	(1842, 'Albarellos', 22),
	(1843, 'Alcorta', 22),
	(1844, 'Aldao', 22),
	(1845, 'Alejandra', 22),
	(1846, 'Álvarez', 22),
	(1847, 'Ambrosetti', 22),
	(1848, 'Amenábar', 22),
	(1849, 'Angélica', 22),
	(1850, 'Angeloni', 22),
	(1851, 'Arequito', 22),
	(1852, 'Arminda', 22),
	(1853, 'Armstrong', 22),
	(1854, 'Arocena', 22),
	(1855, 'Arroyo Aguiar', 22),
	(1856, 'Arroyo Ceibal', 22),
	(1857, 'Arroyo Leyes', 22),
	(1858, 'Arroyo Seco', 22),
	(1859, 'Arrufó', 22),
	(1860, 'Arteaga', 22),
	(1861, 'Ataliva', 22),
	(1862, 'Aurelia', 22),
	(1863, 'Avellaneda', 22),
	(1864, 'Barrancas', 22),
	(1865, 'Bauer Y Sigel', 22),
	(1866, 'Bella Italia', 22),
	(1867, 'Berabevú', 22),
	(1868, 'Berna', 22),
	(1869, 'Bernardo de Irigoyen', 22),
	(1870, 'Bigand', 22),
	(1871, 'Bombal', 22),
	(1872, 'Bouquet', 22),
	(1873, 'Bustinza', 22),
	(1874, 'Cabal', 22),
	(1875, 'Cacique Ariacaiquin', 22),
	(1876, 'Cafferata', 22),
	(1877, 'Calchaquí', 22),
	(1878, 'Campo Andino', 22),
	(1879, 'Campo Piaggio', 22),
	(1880, 'Cañada de Gómez', 22),
	(1881, 'Cañada del Ucle', 22),
	(1882, 'Cañada Rica', 22),
	(1883, 'Cañada Rosquín', 22),
	(1884, 'Candioti', 22),
	(1885, 'Capital', 22),
	(1886, 'Capitán Bermúdez', 22),
	(1887, 'Capivara', 22),
	(1888, 'Carcarañá', 22),
	(1889, 'Carlos Pellegrini', 22),
	(1890, 'Carmen', 22),
	(1891, 'Carmen Del Sauce', 22),
	(1892, 'Carreras', 22),
	(1893, 'Carrizales', 22),
	(1894, 'Casalegno', 22),
	(1895, 'Casas', 22),
	(1896, 'Casilda', 22),
	(1897, 'Castelar', 22),
	(1898, 'Castellanos', 22),
	(1899, 'Cayastá', 22),
	(1900, 'Cayastacito', 22),
	(1901, 'Centeno', 22),
	(1902, 'Cepeda', 22),
	(1903, 'Ceres', 22),
	(1904, 'Chabás', 22),
	(1905, 'Chañar Ladeado', 22),
	(1906, 'Chapuy', 22),
	(1907, 'Chovet', 22),
	(1908, 'Christophersen', 22),
	(1909, 'Classon', 22),
	(1910, 'Cnel. Arnold', 22),
	(1911, 'Cnel. Bogado', 22),
	(1912, 'Cnel. Dominguez', 22),
	(1913, 'Cnel. Fraga', 22),
	(1914, 'Col. Aldao', 22),
	(1915, 'Col. Ana', 22),
	(1916, 'Col. Belgrano', 22),
	(1917, 'Col. Bicha', 22),
	(1918, 'Col. Bigand', 22),
	(1919, 'Col. Bossi', 22),
	(1920, 'Col. Cavour', 22),
	(1921, 'Col. Cello', 22),
	(1922, 'Col. Dolores', 22),
	(1923, 'Col. Dos Rosas', 22),
	(1924, 'Col. Durán', 22),
	(1925, 'Col. Iturraspe', 22),
	(1926, 'Col. Margarita', 22),
	(1927, 'Col. Mascias', 22),
	(1928, 'Col. Raquel', 22),
	(1929, 'Col. Rosa', 22),
	(1930, 'Col. San José', 22),
	(1931, 'Constanza', 22),
	(1932, 'Coronda', 22),
	(1933, 'Correa', 22),
	(1934, 'Crispi', 22),
	(1935, 'Cululú', 22),
	(1936, 'Curupayti', 22),
	(1937, 'Desvio Arijón', 22),
	(1938, 'Diaz', 22),
	(1939, 'Diego de Alvear', 22),
	(1940, 'Egusquiza', 22),
	(1941, 'El Arazá', 22),
	(1942, 'El Rabón', 22),
	(1943, 'El Sombrerito', 22),
	(1944, 'El Trébol', 22),
	(1945, 'Elisa', 22),
	(1946, 'Elortondo', 22),
	(1947, 'Emilia', 22),
	(1948, 'Empalme San Carlos', 22),
	(1949, 'Empalme Villa Constitucion', 22),
	(1950, 'Esmeralda', 22),
	(1951, 'Esperanza', 22),
	(1952, 'Estación Alvear', 22),
	(1953, 'Estacion Clucellas', 22),
	(1954, 'Esteban Rams', 22),
	(1955, 'Esther', 22),
	(1956, 'Esustolia', 22),
	(1957, 'Eusebia', 22),
	(1958, 'Felicia', 22),
	(1959, 'Fidela', 22),
	(1960, 'Fighiera', 22),
	(1961, 'Firmat', 22),
	(1962, 'Florencia', 22),
	(1963, 'Fortín Olmos', 22),
	(1964, 'Franck', 22),
	(1965, 'Fray Luis Beltrán', 22),
	(1966, 'Frontera', 22),
	(1967, 'Fuentes', 22),
	(1968, 'Funes', 22),
	(1969, 'Gaboto', 22),
	(1970, 'Galisteo', 22),
	(1971, 'Gálvez', 22),
	(1972, 'Garabalto', 22),
	(1973, 'Garibaldi', 22),
	(1974, 'Gato Colorado', 22),
	(1975, 'Gdor. Crespo', 22),
	(1976, 'Gessler', 22),
	(1977, 'Godoy', 22),
	(1978, 'Golondrina', 22),
	(1979, 'Gral. Gelly', 22),
	(1980, 'Gral. Lagos', 22),
	(1981, 'Granadero Baigorria', 22),
	(1982, 'Gregoria Perez De Denis', 22),
	(1983, 'Grutly', 22),
	(1984, 'Guadalupe N.', 22),
	(1985, 'Gödeken', 22),
	(1986, 'Helvecia', 22),
	(1987, 'Hersilia', 22),
	(1988, 'Hipatía', 22),
	(1989, 'Huanqueros', 22),
	(1990, 'Hugentobler', 22),
	(1991, 'Hughes', 22),
	(1992, 'Humberto 1º', 22),
	(1993, 'Humboldt', 22),
	(1994, 'Ibarlucea', 22),
	(1995, 'Ing. Chanourdie', 22),
	(1996, 'Intiyaco', 22),
	(1997, 'Ituzaingó', 22),
	(1998, 'Jacinto L. Aráuz', 22),
	(1999, 'Josefina', 22),
	(2000, 'Juan B. Molina', 22),
	(2001, 'Juan de Garay', 22),
	(2002, 'Juncal', 22),
	(2003, 'La Brava', 22),
	(2004, 'La Cabral', 22),
	(2005, 'La Camila', 22),
	(2006, 'La Chispa', 22),
	(2007, 'La Clara', 22),
	(2008, 'La Criolla', 22),
	(2009, 'La Gallareta', 22),
	(2010, 'La Lucila', 22),
	(2011, 'La Pelada', 22),
	(2012, 'La Penca', 22),
	(2013, 'La Rubia', 22),
	(2014, 'La Sarita', 22),
	(2015, 'La Vanguardia', 22),
	(2016, 'Labordeboy', 22),
	(2017, 'Laguna Paiva', 22),
	(2018, 'Landeta', 22),
	(2019, 'Lanteri', 22),
	(2020, 'Larrechea', 22),
	(2021, 'Las Avispas', 22),
	(2022, 'Las Bandurrias', 22),
	(2023, 'Las Garzas', 22),
	(2024, 'Las Palmeras', 22),
	(2025, 'Las Parejas', 22),
	(2026, 'Las Petacas', 22),
	(2027, 'Las Rosas', 22),
	(2028, 'Las Toscas', 22),
	(2029, 'Las Tunas', 22),
	(2030, 'Lazzarino', 22),
	(2031, 'Lehmann', 22),
	(2032, 'Llambi Campbell', 22),
	(2033, 'Logroño', 22),
	(2034, 'Loma Alta', 22),
	(2035, 'López', 22),
	(2036, 'Los Amores', 22),
	(2037, 'Los Cardos', 22),
	(2038, 'Los Laureles', 22),
	(2039, 'Los Molinos', 22),
	(2040, 'Los Quirquinchos', 22),
	(2041, 'Lucio V. Lopez', 22),
	(2042, 'Luis Palacios', 22),
	(2043, 'Ma. Juana', 22),
	(2044, 'Ma. Luisa', 22),
	(2045, 'Ma. Susana', 22),
	(2046, 'Ma. Teresa', 22),
	(2047, 'Maciel', 22),
	(2048, 'Maggiolo', 22),
	(2049, 'Malabrigo', 22),
	(2050, 'Marcelino Escalada', 22),
	(2051, 'Margarita', 22),
	(2052, 'Matilde', 22),
	(2053, 'Mauá', 22),
	(2054, 'Máximo Paz', 22),
	(2055, 'Melincué', 22),
	(2056, 'Miguel Torres', 22),
	(2057, 'Moisés Ville', 22),
	(2058, 'Monigotes', 22),
	(2059, 'Monje', 22),
	(2060, 'Monte Obscuridad', 22),
	(2061, 'Monte Vera', 22),
	(2062, 'Montefiore', 22),
	(2063, 'Montes de Oca', 22),
	(2064, 'Murphy', 22),
	(2065, 'Ñanducita', 22),
	(2066, 'Naré', 22),
	(2067, 'Nelson', 22),
	(2068, 'Nicanor E. Molinas', 22),
	(2069, 'Nuevo Torino', 22),
	(2070, 'Oliveros', 22),
	(2071, 'Palacios', 22),
	(2072, 'Pavón', 22),
	(2073, 'Pavón Arriba', 22),
	(2074, 'Pedro Gómez Cello', 22),
	(2075, 'Pérez', 22),
	(2076, 'Peyrano', 22),
	(2077, 'Piamonte', 22),
	(2078, 'Pilar', 22),
	(2079, 'Piñero', 22),
	(2080, 'Plaza Clucellas', 22),
	(2081, 'Portugalete', 22),
	(2082, 'Pozo Borrado', 22),
	(2083, 'Progreso', 22),
	(2084, 'Providencia', 22),
	(2085, 'Pte. Roca', 22),
	(2086, 'Pueblo Andino', 22),
	(2087, 'Pueblo Esther', 22),
	(2088, 'Pueblo Gral. San Martín', 22),
	(2089, 'Pueblo Irigoyen', 22),
	(2090, 'Pueblo Marini', 22),
	(2091, 'Pueblo Muñoz', 22),
	(2092, 'Pueblo Uranga', 22),
	(2093, 'Pujato', 22),
	(2094, 'Pujato N.', 22),
	(2095, 'Rafaela', 22),
	(2096, 'Ramayón', 22),
	(2097, 'Ramona', 22),
	(2098, 'Reconquista', 22),
	(2099, 'Recreo', 22),
	(2100, 'Ricardone', 22),
	(2101, 'Rivadavia', 22),
	(2102, 'Roldán', 22),
	(2103, 'Romang', 22),
	(2104, 'Rosario', 22),
	(2105, 'Rueda', 22),
	(2106, 'Rufino', 22),
	(2107, 'Sa Pereira', 22),
	(2108, 'Saguier', 22),
	(2109, 'Saladero M. Cabal', 22),
	(2110, 'Salto Grande', 22),
	(2111, 'San Agustín', 22),
	(2112, 'San Antonio de Obligado', 22),
	(2113, 'San Bernardo (N.J.)', 22),
	(2114, 'San Bernardo (S.J.)', 22),
	(2115, 'San Carlos Centro', 22),
	(2116, 'San Carlos N.', 22),
	(2117, 'San Carlos S.', 22),
	(2118, 'San Cristóbal', 22),
	(2119, 'San Eduardo', 22),
	(2120, 'San Eugenio', 22),
	(2121, 'San Fabián', 22),
	(2122, 'San Fco. de Santa Fé', 22),
	(2123, 'San Genaro', 22),
	(2124, 'San Genaro N.', 22),
	(2125, 'San Gregorio', 22),
	(2126, 'San Guillermo', 22),
	(2127, 'San Javier', 22),
	(2128, 'San Jerónimo del Sauce', 22),
	(2129, 'San Jerónimo N.', 22),
	(2130, 'San Jerónimo S.', 22),
	(2131, 'San Jorge', 22),
	(2132, 'San José de La Esquina', 22),
	(2133, 'San José del Rincón', 22),
	(2134, 'San Justo', 22),
	(2135, 'San Lorenzo', 22),
	(2136, 'San Mariano', 22),
	(2137, 'San Martín de Las Escobas', 22),
	(2138, 'San Martín N.', 22),
	(2139, 'San Vicente', 22),
	(2140, 'Sancti Spititu', 22),
	(2141, 'Sanford', 22),
	(2142, 'Santo Domingo', 22),
	(2143, 'Santo Tomé', 22),
	(2144, 'Santurce', 22),
	(2145, 'Sargento Cabral', 22),
	(2146, 'Sarmiento', 22),
	(2147, 'Sastre', 22),
	(2148, 'Sauce Viejo', 22),
	(2149, 'Serodino', 22),
	(2150, 'Silva', 22),
	(2151, 'Soldini', 22),
	(2152, 'Soledad', 22),
	(2153, 'Soutomayor', 22),
	(2154, 'Sta. Clara de Buena Vista', 22),
	(2155, 'Sta. Clara de Saguier', 22),
	(2156, 'Sta. Isabel', 22),
	(2157, 'Sta. Margarita', 22),
	(2158, 'Sta. Maria Centro', 22),
	(2159, 'Sta. María N.', 22),
	(2160, 'Sta. Rosa', 22),
	(2161, 'Sta. Teresa', 22),
	(2162, 'Suardi', 22),
	(2163, 'Sunchales', 22),
	(2164, 'Susana', 22),
	(2165, 'Tacuarendí', 22),
	(2166, 'Tacural', 22),
	(2167, 'Tartagal', 22),
	(2168, 'Teodelina', 22),
	(2169, 'Theobald', 22),
	(2170, 'Timbúes', 22),
	(2171, 'Toba', 22),
	(2172, 'Tortugas', 22),
	(2173, 'Tostado', 22),
	(2174, 'Totoras', 22),
	(2175, 'Traill', 22),
	(2176, 'Venado Tuerto', 22),
	(2177, 'Vera', 22),
	(2178, 'Vera y Pintado', 22),
	(2179, 'Videla', 22),
	(2180, 'Vila', 22),
	(2181, 'Villa Amelia', 22),
	(2182, 'Villa Ana', 22),
	(2183, 'Villa Cañas', 22),
	(2184, 'Villa Constitución', 22),
	(2185, 'Villa Eloísa', 22),
	(2186, 'Villa Gdor. Gálvez', 22),
	(2187, 'Villa Guillermina', 22),
	(2188, 'Villa Minetti', 22),
	(2189, 'Villa Mugueta', 22),
	(2190, 'Villa Ocampo', 22),
	(2191, 'Villa San José', 22),
	(2192, 'Villa Saralegui', 22),
	(2193, 'Villa Trinidad', 22),
	(2194, 'Villada', 22),
	(2195, 'Virginia', 22),
	(2196, 'Wheelwright', 22),
	(2197, 'Zavalla', 22),
	(2198, 'Zenón Pereira', 22),
	(2199, 'Añatuya', 23),
	(2200, 'Árraga', 23),
	(2201, 'Bandera', 23),
	(2202, 'Bandera Bajada', 23),
	(2203, 'Beltrán', 23),
	(2204, 'Brea Pozo', 23),
	(2205, 'Campo Gallo', 23),
	(2206, 'Capital', 23),
	(2207, 'Chilca Juliana', 23),
	(2208, 'Choya', 23),
	(2209, 'Clodomira', 23),
	(2210, 'Col. Alpina', 23),
	(2211, 'Col. Dora', 23),
	(2212, 'Col. El Simbolar Robles', 23),
	(2213, 'El Bobadal', 23),
	(2214, 'El Charco', 23),
	(2215, 'El Mojón', 23),
	(2216, 'Estación Atamisqui', 23),
	(2217, 'Estación Simbolar', 23),
	(2218, 'Fernández', 23),
	(2219, 'Fortín Inca', 23),
	(2220, 'Frías', 23),
	(2221, 'Garza', 23),
	(2222, 'Gramilla', 23),
	(2223, 'Guardia Escolta', 23),
	(2224, 'Herrera', 23),
	(2225, 'Icaño', 23),
	(2226, 'Ing. Forres', 23),
	(2227, 'La Banda', 23),
	(2228, 'La Cañada', 23),
	(2229, 'Laprida', 23),
	(2230, 'Lavalle', 23),
	(2231, 'Loreto', 23),
	(2232, 'Los Juríes', 23),
	(2233, 'Los Núñez', 23),
	(2234, 'Los Pirpintos', 23),
	(2235, 'Los Quiroga', 23),
	(2236, 'Los Telares', 23),
	(2237, 'Lugones', 23),
	(2238, 'Malbrán', 23),
	(2239, 'Matara', 23),
	(2240, 'Medellín', 23),
	(2241, 'Monte Quemado', 23),
	(2242, 'Nueva Esperanza', 23),
	(2243, 'Nueva Francia', 23),
	(2244, 'Palo Negro', 23),
	(2245, 'Pampa de Los Guanacos', 23),
	(2246, 'Pinto', 23),
	(2247, 'Pozo Hondo', 23),
	(2248, 'Quimilí', 23),
	(2249, 'Real Sayana', 23),
	(2250, 'Sachayoj', 23),
	(2251, 'San Pedro de Guasayán', 23),
	(2252, 'Selva', 23),
	(2253, 'Sol de Julio', 23),
	(2254, 'Sumampa', 23),
	(2255, 'Suncho Corral', 23),
	(2256, 'Taboada', 23),
	(2257, 'Tapso', 23),
	(2258, 'Termas de Rio Hondo', 23),
	(2259, 'Tintina', 23),
	(2260, 'Tomas Young', 23),
	(2261, 'Vilelas', 23),
	(2262, 'Villa Atamisqui', 23),
	(2263, 'Villa La Punta', 23),
	(2264, 'Villa Ojo de Agua', 23),
	(2265, 'Villa Río Hondo', 23),
	(2266, 'Villa Salavina', 23),
	(2267, 'Villa Unión', 23),
	(2268, 'Vilmer', 23),
	(2269, 'Weisburd', 23),
	(2270, 'Río Grande', 24),
	(2271, 'Tolhuin', 24),
	(2272, 'Ushuaia', 24),
	(2273, 'Acheral', 25),
	(2274, 'Agua Dulce', 25),
	(2275, 'Aguilares', 25),
	(2276, 'Alderetes', 25),
	(2277, 'Alpachiri', 25),
	(2278, 'Alto Verde', 25),
	(2279, 'Amaicha del Valle', 25),
	(2280, 'Amberes', 25),
	(2281, 'Ancajuli', 25),
	(2282, 'Arcadia', 25),
	(2283, 'Atahona', 25),
	(2284, 'Banda del Río Sali', 25),
	(2285, 'Bella Vista', 25),
	(2286, 'Buena Vista', 25),
	(2287, 'Burruyacú', 25),
	(2288, 'Capitán Cáceres', 25),
	(2289, 'Cevil Redondo', 25),
	(2290, 'Choromoro', 25),
	(2291, 'Ciudacita', 25),
	(2292, 'Colalao del Valle', 25),
	(2293, 'Colombres', 25),
	(2294, 'Concepción', 25),
	(2295, 'Delfín Gallo', 25),
	(2296, 'El Bracho', 25),
	(2297, 'El Cadillal', 25),
	(2298, 'El Cercado', 25),
	(2299, 'El Chañar', 25),
	(2300, 'El Manantial', 25),
	(2301, 'El Mojón', 25),
	(2302, 'El Mollar', 25),
	(2303, 'El Naranjito', 25),
	(2304, 'El Naranjo', 25),
	(2305, 'El Polear', 25),
	(2306, 'El Puestito', 25),
	(2307, 'El Sacrificio', 25),
	(2308, 'El Timbó', 25),
	(2309, 'Escaba', 25),
	(2310, 'Esquina', 25),
	(2311, 'Estación Aráoz', 25),
	(2312, 'Famaillá', 25),
	(2313, 'Gastone', 25),
	(2314, 'Gdor. Garmendia', 25),
	(2315, 'Gdor. Piedrabuena', 25),
	(2316, 'Graneros', 25),
	(2317, 'Huasa Pampa', 25),
	(2318, 'J. B. Alberdi', 25),
	(2319, 'La Cocha', 25),
	(2320, 'La Esperanza', 25),
	(2321, 'La Florida', 25),
	(2322, 'La Ramada', 25),
	(2323, 'La Trinidad', 25),
	(2324, 'Lamadrid', 25),
	(2325, 'Las Cejas', 25),
	(2326, 'Las Talas', 25),
	(2327, 'Las Talitas', 25),
	(2328, 'Los Bulacio', 25),
	(2329, 'Los Gómez', 25),
	(2330, 'Los Nogales', 25),
	(2331, 'Los Pereyra', 25),
	(2332, 'Los Pérez', 25),
	(2333, 'Los Puestos', 25),
	(2334, 'Los Ralos', 25),
	(2335, 'Los Sarmientos', 25),
	(2336, 'Los Sosa', 25),
	(2337, 'Lules', 25),
	(2338, 'M. García Fernández', 25),
	(2339, 'Manuela Pedraza', 25),
	(2340, 'Medinas', 25),
	(2341, 'Monte Bello', 25),
	(2342, 'Monteagudo', 25),
	(2343, 'Monteros', 25),
	(2344, 'Padre Monti', 25),
	(2345, 'Pampa Mayo', 25),
	(2346, 'Quilmes', 25),
	(2347, 'Raco', 25),
	(2348, 'Ranchillos', 25),
	(2349, 'Río Chico', 25),
	(2350, 'Río Colorado', 25),
	(2351, 'Río Seco', 25),
	(2352, 'Rumi Punco', 25),
	(2353, 'San Andrés', 25),
	(2354, 'San Felipe', 25),
	(2355, 'San Ignacio', 25),
	(2356, 'San Javier', 25),
	(2357, 'San José', 25),
	(2358, 'San Miguel de 25', 25),
	(2359, 'San Pedro', 25),
	(2360, 'San Pedro de Colalao', 25),
	(2361, 'Santa Rosa de Leales', 25),
	(2362, 'Sgto. Moya', 25),
	(2363, 'Siete de Abril', 25),
	(2364, 'Simoca', 25),
	(2365, 'Soldado Maldonado', 25),
	(2366, 'Sta. Ana', 25),
	(2367, 'Sta. Cruz', 25),
	(2368, 'Sta. Lucía', 25),
	(2369, 'Taco Ralo', 25),
	(2370, 'Tafí del Valle', 25),
	(2371, 'Tafí Viejo', 25),
	(2372, 'Tapia', 25),
	(2373, 'Teniente Berdina', 25),
	(2374, 'Trancas', 25),
	(2375, 'Villa Belgrano', 25),
	(2376, 'Villa Benjamín Araoz', 25),
	(2377, 'Villa Chiligasta', 25),
	(2378, 'Villa de Leales', 25),
	(2379, 'Villa Quinteros', 25),
	(2380, 'Yánima', 25),
	(2381, 'Yerba Buena', 25),
	(2382, 'Yerba Buena (S)', 25);
/*!40000 ALTER TABLE `localidad` ENABLE KEYS */;

-- Volcando estructura para tabla u474532209_solidariapp.mensajenotificacion
CREATE TABLE IF NOT EXISTS `mensajenotificacion` (
  `idMensaje` int(11) NOT NULL AUTO_INCREMENT,
  `mensaje` varchar(50) COLLATE utf8mb4_unicode_ci DEFAULT NULL,
  PRIMARY KEY (`idMensaje`)
) ENGINE=InnoDB AUTO_INCREMENT=8 DEFAULT CHARSET=utf8mb4 COLLATE=utf8mb4_unicode_ci;

-- Volcando datos para la tabla u474532209_solidariapp.mensajenotificacion: ~6 rows (aproximadamente)
DELETE FROM `mensajenotificacion`;
/*!40000 ALTER TABLE `mensajenotificacion` DISABLE KEYS */;
INSERT INTO `mensajenotificacion` (`idMensaje`, `mensaje`) VALUES
	(1, 'Quiere colaborar'),
	(2, 'calificó tu ayuda'),
	(3, 'Se ha suscrito a tu organización'),
	(5, 'Ha creado una '),
	(6, 'Te ha calificado'),
	(7, 'Nueva insignia');
/*!40000 ALTER TABLE `mensajenotificacion` ENABLE KEYS */;

-- Volcando estructura para tabla u474532209_solidariapp.motivodenuncia
CREATE TABLE IF NOT EXISTS `motivodenuncia` (
  `idMotivoDenuncia` int(11) unsigned NOT NULL AUTO_INCREMENT,
  `descripcionMotivoDenuncia` varchar(100) COLLATE utf8mb4_unicode_ci NOT NULL,
  PRIMARY KEY (`idMotivoDenuncia`)
) ENGINE=InnoDB AUTO_INCREMENT=6 DEFAULT CHARSET=utf8mb4 COLLATE=utf8mb4_unicode_ci;

-- Volcando datos para la tabla u474532209_solidariapp.motivodenuncia: ~5 rows (aproximadamente)
DELETE FROM `motivodenuncia`;
/*!40000 ALTER TABLE `motivodenuncia` DISABLE KEYS */;
INSERT INTO `motivodenuncia` (`idMotivoDenuncia`, `descripcionMotivoDenuncia`) VALUES
	(1, 'Estafa'),
	(2, 'Robo'),
	(3, 'Suplantacion de identidad'),
	(4, 'Abuso'),
	(5, 'Otro');
/*!40000 ALTER TABLE `motivodenuncia` ENABLE KEYS */;

-- Volcando estructura para tabla u474532209_solidariapp.necesidad
CREATE TABLE IF NOT EXISTS `necesidad` (
  `idNecesidad` int(10) unsigned NOT NULL AUTO_INCREMENT,
  `descripcionNecesidad` varchar(1000) COLLATE utf8mb4_unicode_ci NOT NULL,
  `cantidadNecesidad` int(11) DEFAULT NULL,
  `fechaLimiteNecesidad` datetime DEFAULT NULL,
  `fechaBajaNecesidad` datetime DEFAULT NULL,
  `idCategoriaNecesidad` int(10) unsigned NOT NULL,
  `idUsuario` int(10) unsigned NOT NULL,
  `fechaCreacionNecesidad` datetime NOT NULL DEFAULT CURRENT_TIMESTAMP,
  `cantidadRecibida` int(11) unsigned DEFAULT '0',
  `estadoNecesidad` int(11) NOT NULL DEFAULT '1',
  PRIMARY KEY (`idNecesidad`),
  KEY `fk_necesidad_categoriaNecesidad` (`idCategoriaNecesidad`),
  KEY `idOrganizacion` (`idUsuario`),
  KEY `descripcionNecesidad` (`descripcionNecesidad`(768)),
  KEY `estadoNecesidad` (`estadoNecesidad`),
  CONSTRAINT `fk_idUsuario_idUsuario` FOREIGN KEY (`idUsuario`) REFERENCES `usuario` (`idUsuario`),
  CONSTRAINT `fk_necesidad_categoriaNecesidad` FOREIGN KEY (`idCategoriaNecesidad`) REFERENCES `categorianecesidad` (`idCategoria`),
  CONSTRAINT `fk_necesidad_estadoNecesidad` FOREIGN KEY (`estadoNecesidad`) REFERENCES `estadonecesidad` (`idEstadoNecesidad`)
) ENGINE=InnoDB AUTO_INCREMENT=90 DEFAULT CHARSET=utf8mb4 COLLATE=utf8mb4_unicode_ci;

-- Volcando datos para la tabla u474532209_solidariapp.necesidad: ~80 rows (aproximadamente)
DELETE FROM `necesidad`;
/*!40000 ALTER TABLE `necesidad` DISABLE KEYS */;
INSERT INTO `necesidad` (`idNecesidad`, `descripcionNecesidad`, `cantidadNecesidad`, `fechaLimiteNecesidad`, `fechaBajaNecesidad`, `idCategoriaNecesidad`, `idUsuario`, `fechaCreacionNecesidad`, `cantidadRecibida`, `estadoNecesidad`) VALUES
	(1, 'Camperas', 1, '2020-10-29 00:00:00', NULL, 2, 78, '2020-11-07 22:24:10', NULL, 1),
	(2, '$20000', 1, '2020-10-30 00:00:00', NULL, 4, 78, '2020-11-07 22:24:10', 0, 1),
	(3, 'Fideos', 1, '2020-10-30 00:00:00', NULL, 1, 78, '2020-11-07 22:24:10', 1, 1),
	(4, 'papa', 1, '2020-10-31 00:00:00', '2020-10-31 15:57:40', 1, 63, '2020-11-07 22:24:10', 18, 2),
	(5, 'Papel higienico', 1, '2020-12-13 00:00:00', NULL, 3, 63, '2020-11-07 22:24:10', NULL, 1),
	(6, 'A voluntad del colaborador', 1, '2020-11-11 00:00:00', NULL, 4, 63, '2020-11-07 22:24:10', 23, 2),
	(7, 'Lo que pueda', 1, '2020-11-28 00:00:00', NULL, 4, 63, '2020-11-07 22:24:10', 30005, 2),
	(8, 'lavandina', 1, '2020-10-31 00:00:00', NULL, 3, 63, '2020-11-07 22:24:10', 4, 2),
	(9, 'arroz', 40, '2020-11-14 00:00:00', NULL, 1, 87, '2020-11-07 22:24:10', 220, 2),
	(10, 'Remeras', 12, '2020-11-08 00:00:00', '2020-10-31 16:20:09', 2, 88, '2020-11-07 22:24:10', 10, 3),
	(11, 'Lavandina', 1, '2020-11-07 00:00:00', '2020-11-01 18:22:11', 3, 87, '2020-11-07 22:24:10', 4, 2),
	(12, 'Camisas', 20, '2020-11-07 00:00:00', '2020-11-01 18:22:22', 2, 87, '2020-11-07 22:24:10', NULL, 3),
	(13, 'Polenta', 20, '2020-11-07 00:00:00', '2020-11-01 18:22:35', 1, 87, '2020-11-07 22:24:10', NULL, 3),
	(14, 'algo', 21, '2020-11-18 00:00:00', NULL, 6, 87, '2020-11-07 22:24:10', NULL, 1),
	(15, 'Camperas', 100, '2020-12-17 00:00:00', '2020-11-06 16:05:32', 4, 87, '2020-11-07 22:24:10', NULL, 3),
	(16, 'Camperas', 123, '2020-11-27 00:00:00', '2020-11-01 18:24:27', 2, 87, '2020-11-07 22:24:10', NULL, 3),
	(17, 'fideoss', 123, '2020-11-07 00:00:00', '2020-11-01 19:48:07', 1, 87, '2020-11-07 22:24:10', NULL, 3),
	(18, 'hamburguesas', 999, '2020-11-13 00:00:00', NULL, 1, 87, '2020-11-07 22:24:10', NULL, 1),
	(19, 'A voluntad del colaborador. Gracias', 12312, '2020-12-11 00:00:00', NULL, 4, 87, '2020-11-07 22:24:10', NULL, 1),
	(20, 'jugo', 1233, '2020-11-07 00:00:00', '2020-11-20 13:40:03', 1, 87, '2020-11-07 22:24:10', NULL, 3),
	(21, 'jeans', 123, '2020-11-17 00:00:00', NULL, 2, 87, '2020-11-07 22:24:10', NULL, 1),
	(22, 'Juguetes', 123, '2020-11-13 00:00:00', NULL, 6, 87, '2020-11-07 22:24:10', NULL, 1),
	(23, 'Jabon', 123, '2020-11-10 00:00:00', '2020-11-20 13:40:15', 3, 87, '2020-11-07 22:24:10', NULL, 3),
	(24, 'prueba', 0, '2020-11-20 00:00:00', '0000-00-00 00:00:00', 3, 87, '2020-11-07 22:24:10', NULL, 3),
	(25, 'Remeras', 0, '2020-11-12 00:00:00', NULL, 2, 87, '2020-11-07 22:24:10', NULL, 1),
	(26, 'eso', 5454, '2020-11-20 00:00:00', NULL, 4, 87, '2020-11-07 22:24:10', NULL, 1),
	(27, 'Gasista', 0, '2020-11-13 00:00:00', NULL, 5, 87, '2020-11-07 22:24:10', NULL, 1),
	(28, 'Dinero', 0, '2020-12-04 00:00:00', '2020-11-06 17:06:29', 4, 87, '2020-11-07 22:24:10', NULL, 3),
	(29, 'Cariño', 1, '2020-11-19 00:00:00', NULL, 6, 87, '2020-11-07 22:24:10', NULL, 1),
	(30, 'Una compu', 0, '2020-11-27 00:00:00', NULL, 6, 87, '2020-11-07 22:24:10', NULL, 1),
	(31, 'shampoo dove', 0, '2020-11-26 00:00:00', NULL, 3, 87, '2020-11-07 22:24:10', NULL, 1),
	(32, 'zapatillas nike', 0, '2020-11-27 00:00:00', NULL, 2, 87, '2020-11-07 22:24:10', NULL, 1),
	(33, 'Detergente', 11, '2020-12-10 00:00:00', '2020-11-06 16:07:05', 3, 87, '2020-11-07 22:24:10', NULL, 3),
	(34, 'Ladrillos', 1000, '2020-11-12 00:00:00', NULL, 6, 87, '2020-11-07 22:24:10', NULL, 1),
	(35, 'jabon', 0, '2020-12-01 00:00:00', NULL, 3, 87, '2020-11-07 22:24:10', NULL, 1),
	(36, 'uniforme', 0, '2020-11-19 00:00:00', NULL, 2, 87, '2020-11-07 22:24:10', NULL, 1),
	(37, 'albañiles', 0, '2020-11-05 00:00:00', NULL, 5, 87, '2020-11-07 22:24:10', 1, 2),
	(38, 'medias', 3, '2020-11-11 00:00:00', NULL, 2, 87, '2020-11-07 22:24:10', 4, 2),
	(39, 'algo mass', 99, '2020-11-07 00:00:00', NULL, 6, 87, '2020-11-07 22:24:10', NULL, 1),
	(40, 'panes', 0, '2020-11-14 00:00:00', NULL, 1, 87, '2020-11-07 22:24:10', NULL, 1),
	(41, 'pans', 0, '2020-11-14 00:00:00', NULL, 1, 87, '2020-11-07 22:24:10', NULL, 1),
	(42, 'algodon', 2, '2020-11-13 00:00:00', NULL, 3, 87, '2020-11-07 22:24:10', NULL, 1),
	(43, 'Transporte para donaciones', 0, '2020-11-21 00:00:00', '2020-11-06 16:07:43', 5, 87, '2020-11-07 22:24:10', NULL, 3),
	(49, 'remis', 1, '2020-11-11 00:00:00', '2020-11-20 13:40:27', 5, 87, '2020-11-07 22:24:10', NULL, 3),
	(50, 'lo que pueda', 10000, '2020-11-18 00:00:00', NULL, 4, 87, '2020-11-07 22:24:10', NULL, 1),
	(51, 'comidas', 0, '2020-12-02 00:00:00', NULL, 1, 87, '2020-11-07 22:24:10', NULL, 1),
	(52, 'Detergente', 5, '2020-11-13 00:00:00', NULL, 3, 87, '2020-11-07 22:24:10', NULL, 1),
	(53, 'buzos', 0, '2020-12-11 00:00:00', NULL, 2, 87, '2020-11-07 22:24:10', NULL, 1),
	(54, 'un carpintero por favor', 0, '2020-11-28 00:00:00', '2020-11-06 16:06:46', 5, 87, '2020-11-07 22:24:10', NULL, 3),
	(55, 'Polenta', 9999, '2020-11-25 00:00:00', NULL, 1, 87, '2020-11-07 22:24:10', NULL, 1),
	(56, 'Barbijos', 10, '2020-11-18 00:00:00', NULL, 3, 87, '2020-11-07 22:24:10', NULL, 1),
	(57, 'medias', 0, '2020-11-19 00:00:00', NULL, 2, 87, '2020-11-07 22:24:10', NULL, 1),
	(58, 'algo', 10, '2020-11-14 00:00:00', NULL, 6, 87, '2020-11-07 22:24:10', NULL, 1),
	(59, 'Patacones', 0, '2020-11-26 00:00:00', NULL, 4, 87, '2020-11-07 22:24:10', NULL, 1),
	(60, 'jabonn blacno', 0, '2020-11-21 00:00:00', NULL, 3, 87, '2020-11-07 22:24:10', NULL, 1),
	(61, 'azucar', 0, '2020-11-28 00:00:00', NULL, 1, 87, '2020-11-07 22:24:10', NULL, 1),
	(62, 'aceite', 0, '2020-11-13 00:00:00', NULL, 1, 87, '2020-11-07 22:24:10', NULL, 1),
	(63, 'botines', 10, '2020-11-13 00:00:00', NULL, 2, 87, '2020-11-07 22:24:10', NULL, 1),
	(64, 'ojotas', 10, '2020-11-25 00:00:00', NULL, 2, 87, '2020-11-07 22:24:10', NULL, 1),
	(65, 'money', 1000000, '2020-11-27 00:00:00', NULL, 4, 87, '2020-11-07 22:24:10', NULL, 1),
	(66, 'Rublos', 10000, '2020-11-13 00:00:00', NULL, 4, 102, '2020-11-07 22:24:10', 280, 1),
	(67, 'Desodorante', 20, '2020-11-13 00:00:00', NULL, 3, 102, '2020-11-07 22:24:10', 152, 2),
	(68, 'RTX 3090', 20, '2020-11-13 00:00:00', NULL, 6, 102, '2020-11-07 22:24:10', NULL, 1),
	(69, 'Detergente', 50, '2020-11-27 00:00:00', NULL, 3, 87, '2020-11-07 22:24:10', NULL, 1),
	(70, 'oro', 0, '2020-11-09 00:00:00', NULL, 4, 110, '2020-11-08 21:56:19', 0, 1),
	(71, 'Frasadas', 10, '2020-11-12 00:00:00', '2020-11-11 22:33:28', 2, 87, '2020-11-12 01:33:10', 0, 3),
	(72, 'una gorra', 0, '2020-11-26 00:00:00', '2020-11-20 17:22:25', 2, 88, '2020-11-20 20:17:09', 0, 3),
	(74, 'un plomero', 0, '2020-11-23 00:00:00', NULL, 5, 78, '2020-11-22 15:52:36', 0, 1),
	(78, 'un auto', 0, '2020-11-23 00:00:00', NULL, 6, 78, '2020-11-22 16:09:20', 0, 1),
	(79, 'jabon', 2, '2020-11-24 00:00:00', NULL, 3, 90, '2020-11-22 19:31:00', 0, 3),
	(80, 'carbon', 1, '2020-11-26 00:00:00', NULL, 6, 91, '2020-11-22 19:38:38', 0, 3),
	(81, 'chef', 0, '2020-11-25 00:00:00', NULL, 5, 92, '2020-11-22 19:48:06', 0, 1),
	(82, 'chocolate', 11, '2020-11-24 00:00:00', NULL, 1, 92, '2020-11-22 19:51:23', 0, 1),
	(83, 'un auto', 0, '2020-11-23 00:00:00', NULL, 6, 92, '2020-11-22 19:54:00', 0, 1),
	(84, 'Harina', 100, '2020-11-25 00:00:00', NULL, 1, 116, '2020-11-23 18:44:09', 10, 1),
	(85, 'Zapatillas', 10, '2020-11-24 00:00:00', NULL, 2, 116, '2020-11-23 18:44:38', 10, 1),
	(86, 'Alcohol', 2, '2020-11-27 00:00:00', NULL, 3, 116, '2020-11-23 18:45:12', 30, 2),
	(87, 'algo', 5, '2020-11-24 00:00:00', NULL, 6, 116, '2020-11-23 18:45:40', 10, 2),
	(88, '1000', 1000, '2020-11-24 00:00:00', NULL, 4, 116, '2020-11-23 18:45:56', 10, 1),
	(89, 'Azucar', 10, '2020-11-25 00:00:00', NULL, 1, 116, '2020-11-23 22:20:40', 0, 1);
/*!40000 ALTER TABLE `necesidad` ENABLE KEYS */;

-- Volcando estructura para tabla u474532209_solidariapp.notificacion
CREATE TABLE IF NOT EXISTS `notificacion` (
  `idNotificacion` int(11) NOT NULL AUTO_INCREMENT,
  `idMensaje` int(11) NOT NULL,
  `idEmisor` int(10) unsigned DEFAULT NULL,
  `idReceptor` int(10) unsigned NOT NULL,
  `fechaNotificacion` datetime NOT NULL DEFAULT CURRENT_TIMESTAMP,
  `leido` tinyint(1) NOT NULL DEFAULT '0',
  `idNecesidad` int(10) unsigned DEFAULT NULL,
  `idColaboracion` int(10) unsigned DEFAULT NULL,
  `idInsignia` int(10) unsigned DEFAULT NULL,
  PRIMARY KEY (`idNotificacion`),
  KEY `idEmisor` (`idEmisor`),
  KEY `idReceptor` (`idReceptor`),
  KEY `idNecesidad` (`idNecesidad`),
  KEY `fk_notificacion_mensaje` (`idMensaje`),
  KEY `fk_notificacion_colaboracion` (`idColaboracion`),
  KEY `fk_notificacion_insignia` (`idInsignia`),
  CONSTRAINT `fk_notificacion_colaboracion` FOREIGN KEY (`idColaboracion`) REFERENCES `colaboraciones` (`idColaboracion`),
  CONSTRAINT `fk_notificacion_emisor` FOREIGN KEY (`idEmisor`) REFERENCES `usuario` (`idUsuario`),
  CONSTRAINT `fk_notificacion_insignia` FOREIGN KEY (`idInsignia`) REFERENCES `insignia` (`idInsignia`),
  CONSTRAINT `fk_notificacion_mensaje` FOREIGN KEY (`idMensaje`) REFERENCES `mensajenotificacion` (`idMensaje`),
  CONSTRAINT `fk_notificacion_necesidad` FOREIGN KEY (`idNecesidad`) REFERENCES `necesidad` (`idNecesidad`),
  CONSTRAINT `fk_notificacion_receptor` FOREIGN KEY (`idReceptor`) REFERENCES `usuario` (`idUsuario`)
) ENGINE=InnoDB AUTO_INCREMENT=58 DEFAULT CHARSET=utf8mb4 COLLATE=utf8mb4_unicode_ci;

-- Volcando datos para la tabla u474532209_solidariapp.notificacion: ~43 rows (aproximadamente)
DELETE FROM `notificacion`;
/*!40000 ALTER TABLE `notificacion` DISABLE KEYS */;
INSERT INTO `notificacion` (`idNotificacion`, `idMensaje`, `idEmisor`, `idReceptor`, `fechaNotificacion`, `leido`, `idNecesidad`, `idColaboracion`, `idInsignia`) VALUES
	(6, 1, 101, 63, '2020-11-07 23:44:50', 1, 4, NULL, NULL),
	(9, 1, 108, 63, '2020-11-11 01:36:47', 1, 7, NULL, NULL),
	(10, 1, 109, 63, '2020-11-11 01:37:46', 1, 8, NULL, NULL),
	(11, 1, 110, 63, '2020-11-11 01:38:57', 1, 5, NULL, NULL),
	(14, 1, 112, 63, '2020-11-17 02:38:04', 1, 4, NULL, NULL),
	(15, 1, 112, 78, '2020-11-17 22:22:34', 1, 1, NULL, NULL),
	(16, 1, 112, 63, '2020-11-17 22:27:15', 1, 4, NULL, NULL),
	(17, 1, 112, 87, '2020-11-17 22:27:57', 1, 37, NULL, NULL),
	(18, 1, 112, 87, '2020-11-17 22:28:35', 1, 11, NULL, NULL),
	(19, 1, 112, 78, '2020-11-17 22:30:28', 1, 3, NULL, NULL),
	(20, 1, 112, 88, '2020-11-17 22:33:14', 0, 10, NULL, NULL),
	(21, 1, 64, 78, '2020-11-20 19:16:16', 1, 2, NULL, NULL),
	(22, 1, 64, 87, '2020-11-20 19:19:16', 1, 11, NULL, NULL),
	(23, 1, 64, 102, '2020-11-20 19:21:00', 1, 67, NULL, NULL),
	(24, 1, 64, 88, '2020-11-20 19:56:29', 1, 10, NULL, NULL),
	(25, 1, 64, 87, '2020-11-21 14:26:13', 1, 38, NULL, NULL),
	(26, 1, 64, 63, '2020-11-21 15:29:57', 1, 7, NULL, NULL),
	(27, 1, 64, 63, '2020-11-22 13:50:12', 1, 6, NULL, NULL),
	(28, 3, 64, 78, '2020-11-22 14:54:40', 1, NULL, NULL, NULL),
	(29, 2, 63, 101, '2020-11-22 15:23:49', 1, 4, 10, NULL),
	(33, 5, 78, 64, '2020-11-22 16:09:21', 1, 78, NULL, NULL),
	(34, 3, 64, 110, '2020-11-22 18:16:40', 1, NULL, NULL, NULL),
	(35, 1, 104, 63, '2020-11-22 20:06:07', 1, 5, NULL, NULL),
	(36, 1, 105, 63, '2020-11-22 20:26:47', 1, 4, NULL, NULL),
	(37, 1, 86, 63, '2020-11-22 23:36:15', 1, 7, NULL, NULL),
	(38, 2, 63, 86, '2020-11-22 23:38:54', 1, 7, 44, NULL),
	(40, 6, 86, 110, '2020-11-23 04:24:23', 1, NULL, NULL, NULL),
	(41, 3, 86, 63, '2020-11-23 04:44:20', 1, NULL, NULL, NULL),
	(42, 6, 113, 63, '2020-11-23 15:55:47', 1, NULL, NULL, NULL),
	(43, 7, NULL, 101, '2020-11-23 17:48:33', 0, NULL, NULL, 1),
	(44, 1, 115, 116, '2020-11-23 18:46:48', 0, 88, NULL, NULL),
	(45, 1, 115, 116, '2020-11-23 18:47:03', 0, 87, NULL, NULL),
	(46, 1, 115, 116, '2020-11-23 18:47:40', 0, 85, NULL, NULL),
	(47, 1, 115, 116, '2020-11-23 18:47:49', 0, 84, NULL, NULL),
	(48, 1, 115, 116, '2020-11-23 18:48:05', 0, 86, NULL, NULL),
	(49, 2, 116, 115, '2020-11-23 18:50:17', 0, 87, 46, NULL),
	(50, 2, 116, 115, '2020-11-23 18:50:36', 0, 88, 45, NULL),
	(51, 2, 116, 115, '2020-11-23 18:51:07', 0, 85, 47, NULL),
	(52, 2, 116, 115, '2020-11-23 18:51:31', 0, 84, 48, NULL),
	(54, 7, NULL, 115, '2020-11-23 19:01:36', 0, NULL, NULL, 1),
	(55, 2, 116, 115, '2020-11-23 19:01:41', 0, 86, 49, NULL),
	(56, 3, 115, 116, '2020-11-23 22:18:34', 0, NULL, NULL, NULL),
	(57, 5, 116, 115, '2020-11-23 22:20:41', 1, 89, NULL, NULL);
/*!40000 ALTER TABLE `notificacion` ENABLE KEYS */;

-- Volcando estructura para tabla u474532209_solidariapp.organizacion
CREATE TABLE IF NOT EXISTS `organizacion` (
  `idUsuario` int(10) unsigned NOT NULL,
  `razonSocial` varchar(50) COLLATE utf8mb4_unicode_ci NOT NULL,
  `descripcionOrganizacion` varchar(500) COLLATE utf8mb4_unicode_ci DEFAULT '',
  `idTipoOrganizacion` int(10) unsigned NOT NULL,
  PRIMARY KEY (`idUsuario`),
  KEY `idTipoOrganizacion` (`idTipoOrganizacion`),
  CONSTRAINT `fk_organizacion_tipo` FOREIGN KEY (`idTipoOrganizacion`) REFERENCES `tipoorganizacion` (`idTipoOrganizacion`),
  CONSTRAINT `fk_organizacion_usuario` FOREIGN KEY (`idUsuario`) REFERENCES `usuario` (`idUsuario`)
) ENGINE=InnoDB DEFAULT CHARSET=utf8mb4 COLLATE=utf8mb4_unicode_ci;

-- Volcando datos para la tabla u474532209_solidariapp.organizacion: ~21 rows (aproximadamente)
DELETE FROM `organizacion`;
/*!40000 ALTER TABLE `organizacion` DISABLE KEYS */;
INSERT INTO `organizacion` (`idUsuario`, `razonSocial`, `descripcionOrganizacion`, `idTipoOrganizacion`) VALUES
	(48, 'El vaticano', '', 1),
	(63, 'Flavio S.A.', '', 1),
	(70, 'Google', '', 2),
	(78, 'Pepitos', 'Pepitos es un comedor que asiste a 50 chicos por dia, brindando 2 comidas al día y actividades culturales y recreativas abiertas a la comunidad. Si queres ayudarnos suscribite a nuestra organización', 1),
	(82, 'Mercadolibre', '', 1),
	(84, 'Aldeas infantiles', '', 1),
	(85, 'El hogar de los chicos', '', 1),
	(87, 'Dar es dar', 'Desde el año 2005 DAR es DAR lucha contra la desnutricion infantil y la pobreza que existe en el pais. Trabajamos junto con las personas mas dedicadas y enfocadas a beneficiencia para ayudar a quienes mas nos necesitan.', 1),
	(88, 'Abrigarte', '', 1),
	(89, 'Cooperar', '', 1),
	(90, 'Ayudarnos', '', 3),
	(91, 'Caritas', '', 3),
	(92, 'Facebook', '', 3),
	(93, 'Amazon', '', 2),
	(95, 'Alcoholicos Anonimos', '', 2),
	(96, 'COTO', '', 1),
	(99, 'Flavio S.A', '', 1),
	(102, 'Los Flavios', '', 1),
	(110, 'Luchemos por la vida', '', 2),
	(114, 'Cruz Roja', '', 2),
	(116, 'Arcoiris', '', 2);
/*!40000 ALTER TABLE `organizacion` ENABLE KEYS */;

-- Volcando estructura para tabla u474532209_solidariapp.permiso
CREATE TABLE IF NOT EXISTS `permiso` (
  `idPermiso` int(10) unsigned NOT NULL AUTO_INCREMENT,
  `nombrePermiso` varchar(50) COLLATE utf8mb4_unicode_ci NOT NULL,
  PRIMARY KEY (`idPermiso`)
) ENGINE=InnoDB AUTO_INCREMENT=20 DEFAULT CHARSET=utf8mb4 COLLATE=utf8mb4_unicode_ci;

-- Volcando datos para la tabla u474532209_solidariapp.permiso: ~19 rows (aproximadamente)
DELETE FROM `permiso`;
/*!40000 ALTER TABLE `permiso` DISABLE KEYS */;
INSERT INTO `permiso` (`idPermiso`, `nombrePermiso`) VALUES
	(1, 'registrarNecesidad'),
	(2, 'editarNecesidad'),
	(3, 'eliminarNecesidad'),
	(4, 'verNecesidad'),
	(5, 'calificarOrganizacion'),
	(6, 'calificarColaborador'),
	(7, 'colaborar'),
	(8, 'registrarCategoria'),
	(9, 'editarCategoria'),
	(10, 'eliminarCategoria'),
	(11, 'verDenuncia'),
	(12, 'registrarDenuncia'),
	(13, 'confirmarDenuncia'),
	(14, 'verPerfilOrganizacion'),
	(15, 'verPerfilColaborador'),
	(16, 'verPerfilAdministrador'),
	(17, 'suscribirseAOrganizacion'),
	(18, 'darseDeBaja'),
	(19, 'cambiarPass');
/*!40000 ALTER TABLE `permiso` ENABLE KEYS */;

-- Volcando estructura para tabla u474532209_solidariapp.permisosroles
CREATE TABLE IF NOT EXISTS `permisosroles` (
  `idPermisoRol` int(10) unsigned NOT NULL AUTO_INCREMENT,
  `idPermiso` int(10) unsigned NOT NULL,
  `idRol` int(10) unsigned NOT NULL,
  PRIMARY KEY (`idPermisoRol`),
  KEY `idPermiso` (`idPermiso`),
  KEY `idRol` (`idRol`),
  CONSTRAINT `fk_permisosRoles_permisos` FOREIGN KEY (`idPermiso`) REFERENCES `permiso` (`idPermiso`),
  CONSTRAINT `fk_permisosRoles_rol` FOREIGN KEY (`idRol`) REFERENCES `rol` (`idRol`)
) ENGINE=InnoDB AUTO_INCREMENT=24 DEFAULT CHARSET=utf8mb4 COLLATE=utf8mb4_unicode_ci;

-- Volcando datos para la tabla u474532209_solidariapp.permisosroles: ~23 rows (aproximadamente)
DELETE FROM `permisosroles`;
/*!40000 ALTER TABLE `permisosroles` DISABLE KEYS */;
INSERT INTO `permisosroles` (`idPermisoRol`, `idPermiso`, `idRol`) VALUES
	(1, 5, 1),
	(2, 7, 1),
	(3, 4, 1),
	(4, 1, 2),
	(5, 2, 2),
	(6, 3, 2),
	(7, 4, 2),
	(8, 6, 2),
	(9, 11, 3),
	(10, 8, 3),
	(11, 10, 3),
	(12, 9, 3),
	(13, 12, 2),
	(14, 13, 3),
	(15, 12, 1),
	(16, 16, 3),
	(17, 14, 2),
	(18, 15, 1),
	(19, 17, 1),
	(20, 18, 1),
	(21, 18, 2),
	(22, 19, 1),
	(23, 19, 2);
/*!40000 ALTER TABLE `permisosroles` ENABLE KEYS */;

-- Volcando estructura para tabla u474532209_solidariapp.prioridadcategoria
CREATE TABLE IF NOT EXISTS `prioridadcategoria` (
  `idPrioridad` int(10) unsigned NOT NULL AUTO_INCREMENT,
  `descripcionPrioridad` varchar(100) COLLATE utf8mb4_unicode_ci NOT NULL,
  PRIMARY KEY (`idPrioridad`)
) ENGINE=InnoDB AUTO_INCREMENT=4 DEFAULT CHARSET=utf8mb4 COLLATE=utf8mb4_unicode_ci;

-- Volcando datos para la tabla u474532209_solidariapp.prioridadcategoria: ~3 rows (aproximadamente)
DELETE FROM `prioridadcategoria`;
/*!40000 ALTER TABLE `prioridadcategoria` DISABLE KEYS */;
INSERT INTO `prioridadcategoria` (`idPrioridad`, `descripcionPrioridad`) VALUES
	(1, 'Alta'),
	(2, 'Media'),
	(3, 'Baja');
/*!40000 ALTER TABLE `prioridadcategoria` ENABLE KEYS */;

-- Volcando estructura para tabla u474532209_solidariapp.provincia
CREATE TABLE IF NOT EXISTS `provincia` (
  `idProvincia` int(11) unsigned NOT NULL,
  `nombreProvincia` varchar(50) COLLATE utf8mb4_unicode_ci NOT NULL,
  PRIMARY KEY (`idProvincia`)
) ENGINE=InnoDB DEFAULT CHARSET=utf8mb4 COLLATE=utf8mb4_unicode_ci;

-- Volcando datos para la tabla u474532209_solidariapp.provincia: ~25 rows (aproximadamente)
DELETE FROM `provincia`;
/*!40000 ALTER TABLE `provincia` DISABLE KEYS */;
INSERT INTO `provincia` (`idProvincia`, `nombreProvincia`) VALUES
	(1, 'Buenos Aires'),
	(2, 'Buenos Aires-GBA'),
	(3, 'Capital Federal'),
	(4, 'Catamarca'),
	(5, 'Chaco'),
	(6, 'Chubut'),
	(7, 'Córdoba'),
	(8, 'Corrientes'),
	(9, 'Entre Ríos'),
	(10, 'Formosa'),
	(11, 'Jujuy'),
	(12, 'La Pampa'),
	(13, 'La Rioja'),
	(14, 'Mendoza'),
	(15, 'Misiones'),
	(16, 'Neuquén'),
	(17, 'Río Negro'),
	(18, 'Salta'),
	(19, 'San Juan'),
	(20, 'San Luis'),
	(21, 'Santa Cruz'),
	(22, 'Santa Fe'),
	(23, 'Santiago del Estero'),
	(24, 'Tierra del Fuego'),
	(25, 'Tucumán');
/*!40000 ALTER TABLE `provincia` ENABLE KEYS */;

-- Volcando estructura para tabla u474532209_solidariapp.rol
CREATE TABLE IF NOT EXISTS `rol` (
  `idRol` int(10) unsigned NOT NULL AUTO_INCREMENT,
  `nombreRol` varchar(50) COLLATE utf8mb4_unicode_ci NOT NULL,
  `descripcionRol` varchar(100) COLLATE utf8mb4_unicode_ci NOT NULL,
  PRIMARY KEY (`idRol`)
) ENGINE=InnoDB AUTO_INCREMENT=4 DEFAULT CHARSET=utf8mb4 COLLATE=utf8mb4_unicode_ci;

-- Volcando datos para la tabla u474532209_solidariapp.rol: ~3 rows (aproximadamente)
DELETE FROM `rol`;
/*!40000 ALTER TABLE `rol` DISABLE KEYS */;
INSERT INTO `rol` (`idRol`, `nombreRol`, `descripcionRol`) VALUES
	(1, 'colaborador', ''),
	(2, 'organizacion', ''),
	(3, 'administrador', '');
/*!40000 ALTER TABLE `rol` ENABLE KEYS */;

-- Volcando estructura para tabla u474532209_solidariapp.suscripcion
CREATE TABLE IF NOT EXISTS `suscripcion` (
  `idSuscripcion` int(10) unsigned NOT NULL AUTO_INCREMENT,
  `idOrganizacion` int(10) unsigned NOT NULL,
  `idColaborador` int(10) unsigned NOT NULL,
  `fechaSuscripcion` timestamp NOT NULL DEFAULT CURRENT_TIMESTAMP,
  PRIMARY KEY (`idSuscripcion`),
  KEY `idOrganizacion` (`idOrganizacion`),
  KEY `idColaborador` (`idColaborador`),
  CONSTRAINT `fk_suscripcion_colaborador` FOREIGN KEY (`idColaborador`) REFERENCES `colaborador` (`idUsuario`),
  CONSTRAINT `fk_suscripcion_organizacion` FOREIGN KEY (`idOrganizacion`) REFERENCES `organizacion` (`idUsuario`)
) ENGINE=InnoDB AUTO_INCREMENT=6 DEFAULT CHARSET=utf8mb4 COLLATE=utf8mb4_unicode_ci;

-- Volcando datos para la tabla u474532209_solidariapp.suscripcion: ~5 rows (aproximadamente)
DELETE FROM `suscripcion`;
/*!40000 ALTER TABLE `suscripcion` DISABLE KEYS */;
INSERT INTO `suscripcion` (`idSuscripcion`, `idOrganizacion`, `idColaborador`, `fechaSuscripcion`) VALUES
	(1, 63, 64, '2020-11-22 11:45:57'),
	(2, 78, 64, '2020-11-22 11:54:39'),
	(3, 110, 64, '2020-11-22 15:16:40'),
	(4, 63, 86, '2020-11-23 01:44:20'),
	(5, 116, 115, '2020-11-23 19:18:34');
/*!40000 ALTER TABLE `suscripcion` ENABLE KEYS */;

-- Volcando estructura para tabla u474532209_solidariapp.telefono
CREATE TABLE IF NOT EXISTS `telefono` (
  `idTelefono` int(11) unsigned NOT NULL AUTO_INCREMENT,
  `codAreaTelefono` varchar(10) COLLATE utf8mb4_unicode_ci NOT NULL,
  `numeroTelefono` varchar(10) COLLATE utf8mb4_unicode_ci NOT NULL,
  `esCelular` tinyint(1) NOT NULL DEFAULT '0',
  `idUsuario` int(10) unsigned NOT NULL,
  `activo` tinyint(1) NOT NULL DEFAULT '1',
  PRIMARY KEY (`idTelefono`),
  KEY `fk_telefono_usuario` (`idUsuario`),
  CONSTRAINT `fk_telefono_usuario` FOREIGN KEY (`idUsuario`) REFERENCES `usuario` (`idUsuario`)
) ENGINE=InnoDB AUTO_INCREMENT=159 DEFAULT CHARSET=utf8mb4 COLLATE=utf8mb4_unicode_ci;

-- Volcando datos para la tabla u474532209_solidariapp.telefono: ~81 rows (aproximadamente)
DELETE FROM `telefono`;
/*!40000 ALTER TABLE `telefono` DISABLE KEYS */;
INSERT INTO `telefono` (`idTelefono`, `codAreaTelefono`, `numeroTelefono`, `esCelular`, `idUsuario`, `activo`) VALUES
	(1, '11', '63089488', 0, 1, 1),
	(51, '123', '123', 0, 44, 1),
	(55, '11', '1111111', 0, 48, 0),
	(58, '11', '132456', 0, 52, 1),
	(69, '11', '1231321', 0, 63, 0),
	(70, '011', '12345678', 0, 64, 0),
	(75, '34', '423423432', 0, 69, 1),
	(76, '5345', '3423423423', 0, 70, 1),
	(84, '11', '42424242', 0, 78, 0),
	(86, '5345', '24543343', 0, 80, 1),
	(87, '23', '342342342', 0, 81, 1),
	(88, '11', '312312312', 0, 82, 1),
	(89, '11', '42424242', 0, 83, 1),
	(90, '11', '123456789', 0, 84, 1),
	(91, '11', '123456789', 0, 85, 1),
	(92, '11', '123', 0, 78, 0),
	(93, '11', '1234', 0, 78, 0),
	(94, '111', '123', 0, 78, 0),
	(95, '123', '123123', 0, 78, 1),
	(96, '111', '1321231', 0, 78, 0),
	(97, '123', '123', 0, 78, 0),
	(98, '123', '123123123', 0, 78, 0),
	(99, '123', '11111', 0, 78, 0),
	(100, '11', '42424242', 0, 86, 0),
	(101, '11', '23232332', 0, 86, 0),
	(102, '123', '123123123', 0, 87, 0),
	(103, '', '', 0, 86, 0),
	(104, '1', '123', 0, 86, 0),
	(105, '423', '5532523', 0, 87, 0),
	(106, '', '', 0, 87, 0),
	(107, '213', '321312312', 0, 87, 0),
	(108, '213', '321312313', 0, 87, 0),
	(109, '11', '3213123432', 0, 87, 0),
	(110, '11', '44871093', 0, 88, 1),
	(111, '', '', 0, 87, 0),
	(112, '', '', 0, 86, 0),
	(113, '', '', 0, 86, 0),
	(114, '', '', 0, 86, 0),
	(115, '11', '4234234234', 0, 86, 1),
	(116, '11', '534534543', 0, 89, 1),
	(117, '11', '32323232', 0, 90, 1),
	(118, '11', '32323232', 0, 91, 1),
	(119, '11', '32323232', 0, 92, 1),
	(120, '11', '32323232', 0, 93, 1),
	(122, '11', '32323232', 0, 95, 1),
	(123, '11', '32323232', 0, 96, 1),
	(124, '11', '5345345345', 0, 87, 0),
	(125, '11', '4353453453', 0, 87, 0),
	(126, '113', '5345345353', 0, 87, 1),
	(127, '11', '12312312', 0, 87, 0),
	(128, '11', '44871234', 0, 97, 1),
	(129, '31', '453453453', 0, 87, 0),
	(130, '011', '43242342', 0, 64, 0),
	(131, '11', '58938803', 0, 64, 0),
	(132, '11', '58938803', 0, 64, 0),
	(133, '11', '58938803', 0, 98, 1),
	(134, '11', '58938803', 0, 99, 1),
	(135, '11', '324234234', 0, 100, 1),
	(136, '11', '55435345', 0, 64, 0),
	(137, '11', '424234432', 0, 64, 0),
	(138, '11', '53453533', 0, 64, 1),
	(139, '11', '54463533', 0, 64, 1),
	(140, '011', '42424242', 0, 101, 1),
	(141, '011', '23232323', 0, 102, 1),
	(142, '11', '42424242', 0, 103, 1),
	(143, '11', '23232323', 0, 103, 1),
	(144, '12', '34434334', 0, 104, 1),
	(145, '11', '32323232', 0, 105, 1),
	(146, '11', '32323232', 0, 106, 1),
	(147, '11', '32323232', 0, 107, 1),
	(148, '11', '32323232', 0, 108, 1),
	(149, '11', '32323232', 0, 109, 1),
	(150, '11', '243242342', 0, 110, 1),
	(151, '11', '03034560', 0, 112, 1),
	(152, '11', '1155667788', 0, 113, 1),
	(153, '11', '3423423424', 0, 87, 1),
	(154, '11', '43242342', 0, 64, 1),
	(155, '11', '234567875', 0, 114, 1),
	(156, '11', '42424242', 0, 101, 1),
	(157, '11', '42424242', 0, 115, 1),
	(158, '11', '42424242', 0, 116, 1);
/*!40000 ALTER TABLE `telefono` ENABLE KEYS */;

-- Volcando estructura para tabla u474532209_solidariapp.tipolink
CREATE TABLE IF NOT EXISTS `tipolink` (
  `idTipoLink` int(10) unsigned NOT NULL AUTO_INCREMENT,
  `nombreTipoLink` varchar(50) COLLATE utf8mb4_unicode_ci NOT NULL,
  PRIMARY KEY (`idTipoLink`)
) ENGINE=InnoDB DEFAULT CHARSET=utf8mb4 COLLATE=utf8mb4_unicode_ci;

-- Volcando datos para la tabla u474532209_solidariapp.tipolink: ~0 rows (aproximadamente)
DELETE FROM `tipolink`;
/*!40000 ALTER TABLE `tipolink` DISABLE KEYS */;
/*!40000 ALTER TABLE `tipolink` ENABLE KEYS */;

-- Volcando estructura para tabla u474532209_solidariapp.tipoorganizacion
CREATE TABLE IF NOT EXISTS `tipoorganizacion` (
  `idTipoOrganizacion` int(10) unsigned NOT NULL AUTO_INCREMENT,
  `nombreTipoOrganizacion` varchar(50) COLLATE utf8mb4_unicode_ci NOT NULL,
  PRIMARY KEY (`idTipoOrganizacion`)
) ENGINE=InnoDB AUTO_INCREMENT=4 DEFAULT CHARSET=utf8mb4 COLLATE=utf8mb4_unicode_ci;

-- Volcando datos para la tabla u474532209_solidariapp.tipoorganizacion: ~3 rows (aproximadamente)
DELETE FROM `tipoorganizacion`;
/*!40000 ALTER TABLE `tipoorganizacion` DISABLE KEYS */;
INSERT INTO `tipoorganizacion` (`idTipoOrganizacion`, `nombreTipoOrganizacion`) VALUES
	(1, 'Comedor'),
	(2, 'Merendero'),
	(3, 'Ropero comunitario');
/*!40000 ALTER TABLE `tipoorganizacion` ENABLE KEYS */;

-- Volcando estructura para tabla u474532209_solidariapp.tratocalificacion
CREATE TABLE IF NOT EXISTS `tratocalificacion` (
  `idTrato` int(11) NOT NULL AUTO_INCREMENT,
  `descripcion` varchar(50) COLLATE utf8mb4_unicode_ci NOT NULL,
  PRIMARY KEY (`idTrato`)
) ENGINE=InnoDB AUTO_INCREMENT=4 DEFAULT CHARSET=utf8mb4 COLLATE=utf8mb4_unicode_ci;

-- Volcando datos para la tabla u474532209_solidariapp.tratocalificacion: ~3 rows (aproximadamente)
DELETE FROM `tratocalificacion`;
/*!40000 ALTER TABLE `tratocalificacion` DISABLE KEYS */;
INSERT INTO `tratocalificacion` (`idTrato`, `descripcion`) VALUES
	(1, 'Malo'),
	(2, 'Regular'),
	(3, 'Bueno');
/*!40000 ALTER TABLE `tratocalificacion` ENABLE KEYS */;

-- Volcando estructura para tabla u474532209_solidariapp.usuario
CREATE TABLE IF NOT EXISTS `usuario` (
  `idUsuario` int(10) unsigned NOT NULL AUTO_INCREMENT,
  `claveUsuario` varchar(250) COLLATE utf8mb4_unicode_ci NOT NULL,
  `emailUsuario` varchar(100) COLLATE utf8mb4_unicode_ci NOT NULL,
  `fechaAltaUsuario` datetime NOT NULL DEFAULT CURRENT_TIMESTAMP,
  `tokenGoogle` varchar(100) COLLATE utf8mb4_unicode_ci DEFAULT '0',
  `urlFotoPerfilUsuario` varchar(200) COLLATE utf8mb4_unicode_ci NOT NULL DEFAULT '../assets/img/imgUserProfile.png',
  `idEstadoUsuario` int(10) unsigned NOT NULL,
  `idRolUsuario` int(10) unsigned NOT NULL,
  PRIMARY KEY (`idUsuario`),
  KEY `fk_usuario_rol` (`idRolUsuario`),
  KEY `fk_usuario_estadoUsuario` (`idEstadoUsuario`),
  CONSTRAINT `fk_usuario_estadoUsuario` FOREIGN KEY (`idEstadoUsuario`) REFERENCES `estadousuario` (`idEstadoUsuario`),
  CONSTRAINT `fk_usuario_rol` FOREIGN KEY (`idRolUsuario`) REFERENCES `rol` (`idRol`)
) ENGINE=InnoDB AUTO_INCREMENT=117 DEFAULT CHARSET=utf8mb4 COLLATE=utf8mb4_unicode_ci;

-- Volcando datos para la tabla u474532209_solidariapp.usuario: ~45 rows (aproximadamente)
DELETE FROM `usuario`;
/*!40000 ALTER TABLE `usuario` DISABLE KEYS */;
INSERT INTO `usuario` (`idUsuario`, `claveUsuario`, `emailUsuario`, `fechaAltaUsuario`, `tokenGoogle`, `urlFotoPerfilUsuario`, `idEstadoUsuario`, `idRolUsuario`) VALUES
	(1, 'e3b0c44298fc1c149afbf4c8996fb92427ae41e4649b934ca495991b7852b855', 'binaryman21@gmail.com', '2020-11-23 19:41:06', '114186712983939723587', 'https://lh3.googleusercontent.com/a-/AOh14Gh6Y2dZwMq66KWiHx_LsmdnmjnXvLuQoIBt6fy2Yg=s96-c', 1, 1),
	(44, '58714268808347dfd8f234f234c366fb1590ee4d8c08243585960a5243626220', 'dlalanne@upe.edu.ar', '2020-10-25 20:46:24', '115522655450740034314', 'https://lh3.googleusercontent.com/-QyfNT5b1Ons/AAAAAAAAAAI/AAAAAAAAAAA/AMZuuckMwe-8keOZoUIWjVuZJbBblEF0ZQ/s96-c/photo.jpg', 1, 1),
	(48, '58714268808347dfd8f234f234c366fb1590ee4d8c08243585960a5243626220', 'juanesxmaca@gmail.com', '2020-10-25 22:28:57', '117857335253962683840', 'https://lh3.googleusercontent.com/a-/AOh14GjnUKlZZcrOLYkfQuEjRqBbYzIXa_QLgrOZU5uLJQ=s96-c', 1, 2),
	(52, '58714268808347dfd8f234f234c366fb1590ee4d8c08243585960a5243626220', 'kevinzelada@gmail.com', '2020-10-25 22:33:27', '114714980068287513474', '/storage/fotosPerfil/522020-11-18_20h42_54.png', 1, 1),
	(63, '58714268808347dfd8f234f234c366fb1590ee4d8c08243585960a5243626220', 'flaviosegade@gmail.com', '2020-10-25 23:03:50', '107287046195376043470', 'https://lh3.googleusercontent.com/a-/AOh14GhTGY3nf9J3kD650nNV6TieHWdgU_wVpKDOMrK1wA=s96-c', 1, 2),
	(64, '58714268808347dfd8f234f234c366fb1590ee4d8c08243585960a5243626220', 'gr83ps3@gmail.com', '2020-10-25 23:06:07', '118021931688928360243', 'https://lh5.googleusercontent.com/-OcDZ8sAE2KM/AAAAAAAAAAI/AAAAAAAAAAA/AMZuucl7j1rtjU8EYMORbl8zTui1Utn8Ew/s96-c/photo.jpg', 1, 1),
	(69, '58714268808347dfd8f234f234c366fb1590ee4d8c08243585960a5243626220', 'grgr@hmail.com', '2020-10-26 01:48:20', '', '../assets/img/imgUserProfile.png', 1, 1),
	(70, '58714268808347dfd8f234f234c366fb1590ee4d8c08243585960a5243626220', 'fsdfs@gmail.com', '2020-10-26 02:41:11', '', '../assets/img/imgUserProfile.png', 1, 2),
	(78, '58714268808347dfd8f234f234c366fb1590ee4d8c08243585960a5243626220', 'juanperez@mail.com', '2020-10-28 04:18:17', '', '../assets/img/imgUserProfile.png', 1, 2),
	(80, '58714268808347dfd8f234f234c366fb1590ee4d8c08243585960a5243626220', 'grgr@hmail.com', '2020-10-28 16:03:04', '', '../assets/img/imgUserProfile.png', 1, 1),
	(81, '58714268808347dfd8f234f234c366fb1590ee4d8c08243585960a5243626220', 'fsdfsdfs@gmail.com', '2020-10-28 19:23:42', '', '../assets/img/imgUserProfile.png', 1, 1),
	(82, '58714268808347dfd8f234f234c366fb1590ee4d8c08243585960a5243626220', 'fsdfsd@gmail.com', '2020-10-28 19:51:16', '', '../assets/img/imgUserProfile.png', 1, 2),
	(83, '58714268808347dfd8f234f234c366fb1590ee4d8c08243585960a5243626220', 'pepito@mail.com', '2020-10-28 21:40:40', '', '../assets/img/imgUserProfile.png', 1, 1),
	(84, '58714268808347dfd8f234f234c366fb1590ee4d8c08243585960a5243626220', 'pepe@gmail.com', '2020-10-29 02:57:38', '', '../assets/img/imgUserProfile.png', 1, 2),
	(85, '58714268808347dfd8f234f234c366fb1590ee4d8c08243585960a5243626220', 'jose9@gmail.com', '2020-10-29 02:57:44', '', '../assets/img/imgUserProfile.png', 1, 2),
	(86, '58714268808347dfd8f234f234c366fb1590ee4d8c08243585960a5243626220', 'colaborador@mail.com', '2020-10-30 04:01:47', '', '../assets/img/imgUserProfile.png', 1, 1),
	(87, '58714268808347dfd8f234f234c366fb1590ee4d8c08243585960a5243626220', 'organizacion@mail.com', '2020-10-30 04:34:23', '', '../assets/img/imgUserProfile.png', 1, 2),
	(88, '58714268808347dfd8f234f234c366fb1590ee4d8c08243585960a5243626220', 'elrojostone79@gmail.com', '2020-10-31 19:11:13', '', '../assets/img/imgUserProfile.png', 1, 2),
	(89, '58714268808347dfd8f234f234c366fb1590ee4d8c08243585960a5243626220', 'organizacion1@mail.com', '2020-11-01 13:51:30', '', '../assets/img/imgUserProfile.png', 1, 2),
	(90, '58714268808347dfd8f234f234c366fb1590ee4d8c08243585960a5243626220', 'organizacion2@mail.con', '2020-11-01 13:56:14', '', '../assets/img/imgUserProfile.png', 2, 2),
	(91, '58714268808347dfd8f234f234c366fb1590ee4d8c08243585960a5243626220', 'organizacion3@mail.com', '2020-11-01 14:00:17', '', '../assets/img/imgUserProfile.png', 2, 2),
	(92, '58714268808347dfd8f234f234c366fb1590ee4d8c08243585960a5243626220', 'organizacion4@mail.com', '2020-11-01 14:03:10', '', '../assets/img/imgUserProfile.png', 1, 2),
	(93, '58714268808347dfd8f234f234c366fb1590ee4d8c08243585960a5243626220', 'organizacion5@mail.com', '2020-11-01 14:12:02', '', '../assets/img/imgUserProfile.png', 1, 2),
	(95, '58714268808347dfd8f234f234c366fb1590ee4d8c08243585960a5243626220', 'organizacion11@mail.com', '2020-11-01 14:44:15', '', '../assets/img/imgUserProfile.png', 1, 2),
	(96, '58714268808347dfd8f234f234c366fb1590ee4d8c08243585960a5243626220', 'organizacion12@mail.com', '2020-11-01 14:49:21', '', '../assets/img/imgUserProfile.png', 1, 2),
	(97, '58714268808347dfd8f234f234c366fb1590ee4d8c08243585960a5243626220', 'pruebaColaborador@mail.com', '2020-11-04 00:24:58', '', '../assets/img/imgUserProfile.png', 1, 1),
	(98, '58714268808347dfd8f234f234c366fb1590ee4d8c08243585960a5243626220', 'solidariappok@gmail.com', '2020-11-05 14:58:57', '107304542228143752928', '/storage/fotosPerfil/cronograma.png', 1, 1),
	(99, '58714268808347dfd8f234f234c366fb1590ee4d8c08243585960a5243626220', 'organizacion22@mail.com', '2020-11-05 15:08:36', '', '../assets/img/imgUserProfile.png', 2, 2),
	(100, '58714268808347dfd8f234f234c366fb1590ee4d8c08243585960a5243626220', 'pepito@yahoo.com', '2020-11-05 15:15:08', '', '../assets/img/imgUserProfile.png', 1, 1),
	(101, '58714268808347dfd8f234f234c366fb1590ee4d8c08243585960a5243626220', 'binaryman21@gmail.com', '2020-11-06 21:01:06', '114186712983939723587', 'https://lh3.googleusercontent.com/a-/AOh14Gh6Y2dZwMq66KWiHx_LsmdnmjnXvLuQoIBt6fy2Yg=s96-c', 1, 1),
	(102, '58714268808347dfd8f234f234c366fb1590ee4d8c08243585960a5243626220', 'organizacionProd@mail.com', '2020-11-06 21:05:02', '', '../assets/img/imgUserProfile.png', 1, 2),
	(103, '58714268808347dfd8f234f234c366fb1590ee4d8c08243585960a5243626220', 'colaboradorProd@mail.com', '2020-11-06 21:39:05', '', '/storage/fotosPerfil/EfGopRUXsAATsZv.jpg', 3, 1),
	(104, '58714268808347dfd8f234f234c366fb1590ee4d8c08243585960a5243626220', 'colaboradorPrueba@mail.com', '2020-11-07 20:08:16', '', '../assets/img/imgUserProfile.png', 2, 1),
	(105, '1ed9a2a5df6875bff15dee4e5ab15ae26dc452cb825c84699ae465bf3f2b34a7', 'colaboradorPrueba1@mail.com', '2020-11-07 20:11:44', '', 'https://portal.st-andrews.ac.uk/staff-photos/jfs8/medium', 1, 1),
	(106, '58714268808347dfd8f234f234c366fb1590ee4d8c08243585960a5243626220', 'colaboradorprueba3@mail.com', '2020-11-07 20:15:11', '', '../assets/img/imgUserProfile.png', 1, 1),
	(107, '58714268808347dfd8f234f234c366fb1590ee4d8c08243585960a5243626220', 'colaboradorPrueba4@mail.com', '2020-11-07 20:19:20', '', '../assets/img/imgUserProfile.png', 1, 1),
	(108, '58714268808347dfd8f234f234c366fb1590ee4d8c08243585960a5243626220', 'colaboradorPrueba5@mail.com', '2020-11-07 20:29:11', '', '../assets/img/imgUserProfile.png', 1, 1),
	(109, '58714268808347dfd8f234f234c366fb1590ee4d8c08243585960a5243626220', 'colaboradorPrueba6@mail.com', '2020-11-07 20:39:08', '', '../assets/img/imgUserProfile.png', 1, 1),
	(110, '58714268808347dfd8f234f234c366fb1590ee4d8c08243585960a5243626220', 'organizacion88@mail.com', '2020-11-08 21:55:47', '', '../assets/img/imgUserProfile.png', 1, 2),
	(111, '58714268808347dfd8f234f234c366fb1590ee4d8c08243585960a5243626220', 'admin@admin.com', '2020-11-10 21:21:48', '0', '../assets/img/imgUserProfile.png', 1, 3),
	(112, '333f56008f8bbbc18b286bff13423987b897429621382cc34384edcd33dbe028', 'flavio@mail.com', '2020-11-15 22:40:18', '', '../assets/img/imgUserProfile.png', 1, 1),
	(113, '58714268808347dfd8f234f234c366fb1590ee4d8c08243585960a5243626220', 'cuentafalsa1234@gmail.com', '2020-11-17 00:18:55', '', '../assets/img/imgUserProfile.png', 1, 1),
	(114, '58714268808347dfd8f234f234c366fb1590ee4d8c08243585960a5243626220', 'cruzroja@mail.com', '2020-11-22 21:09:42', '', '../assets/img/imgUserProfile.png', 1, 2),
	(115, '58714268808347dfd8f234f234c366fb1590ee4d8c08243585960a5243626220', 'colaborador2@mail.com', '2020-11-23 18:38:27', '', '../assets/img/imgUserProfile.png', 1, 1),
	(116, '58714268808347dfd8f234f234c366fb1590ee4d8c08243585960a5243626220', 'organizacion2@mail.com', '2020-11-23 18:42:32', '', '../assets/img/imgUserProfile.png', 1, 2);
/*!40000 ALTER TABLE `usuario` ENABLE KEYS */;

/*!40101 SET SQL_MODE=IFNULL(@OLD_SQL_MODE, '') */;
/*!40014 SET FOREIGN_KEY_CHECKS=IF(@OLD_FOREIGN_KEY_CHECKS IS NULL, 1, @OLD_FOREIGN_KEY_CHECKS) */;
/*!40101 SET CHARACTER_SET_CLIENT=@OLD_CHARACTER_SET_CLIENT */;
